{"model":"llama3.1:latest","created_at":"2026-04-01T18:20:01.800397099Z","message":{"role":"assistant","content":"A"},"done":false}
{"model":"llama3.1:latest","created_at":"2026-04-01T18:20:01.898207193Z","message":{"role":"assistant","content":" continu"},"done":false}
{"model":"llama3.1:latest","created_at":"2026-04-01T18:20:01.996953703Z","message":{"role":"assistant","content":"ación"},"done":false}
{"model":"llama3.1:latest","created_at":"2026-04-01T18:20:02.094440784Z","message":{"role":"assistant","content":" te"},"done":false}
{"model":"llama3.1:latest","created_at":"2026-04-01T18:20:02.187137848Z","message":{"role":"assistant","content":" m"},"done":false}
{"model":"llama3.1:latest","created_at":"2026-04-01T18:20:02.279965619Z","message":{"role":"assistant","content":"uest"},"done":false}
{"model":"llama3.1:latest","created_at":"2026-04-01T18:20:02.365617057Z","message":{"role":"assistant","content":"ro"},"done":false}
{"model":"llama3.1:latest","created_at":"2026-04-01T18:20:02.451146536Z","message":{"role":"assistant","content":" cómo"},"done":false}
{"model":"llama3.1:latest","created_at":"2026-04-01T18:20:02.536653761Z","message":{"role":"assistant","content":" podría"},"done":false}
{"model":"llama3.1:latest","created_at":"2026-04-01T18:20:02.62378475Z","message":{"role":"assistant","content":" verse"},"done":false}
{"model":"llama3.1:latest","created_at":"2026-04-01T18:20:02.709612363Z","message":{"role":"assistant","content":" el"},"done":false}
{"model":"llama3.1:latest","created_at":"2026-04-01T18:20:02.795623309Z","message":{"role":"assistant","content":" documento"},"done":false}
{"model":"llama3.1:latest","created_at":"2026-04-01T18:20:02.881997124Z","message":{"role":"assistant","content":" en"},"done":false}
{"model":"llama3.1:latest","created_at":"2026-04-01T18:20:02.968667715Z","message":{"role":"assistant","content":" formato"},"done":false}
{"model":"llama3.1:latest","created_at":"2026-04-01T18:20:03.057266509Z","message":{"role":"assistant","content":" JSON"},"done":false}
{"model":"llama3.1:latest","created_at":"2026-04-01T18:20:03.143839919Z","message":{"role":"assistant","content":" Resume"},"done":false}
{"model":"llama3.1:latest","created_at":"2026-04-01T18:20:03.229986241Z","message":{"role":"assistant","content":":\n\n"},"done":false}
{"model":"llama3.1:latest","created_at":"2026-04-01T18:20:03.31545667Z","message":{"role":"assistant","content":"```"},"done":false}
{"model":"llama3.1:latest","created_at":"2026-04-01T18:20:03.402132391Z","message":{"role":"assistant","content":"json"},"done":false}
{"model":"llama3.1:latest","created_at":"2026-04-01T18:20:03.488827917Z","message":{"role":"assistant","content":"\n"},"done":false}
{"model":"llama3.1:latest","created_at":"2026-04-01T18:20:03.575518399Z","message":{"role":"assistant","content":"{\n"},"done":false}
{"model":"llama3.1:latest","created_at":"2026-04-01T18:20:03.661832854Z","message":{"role":"assistant","content":" "},"done":false}
{"model":"llama3.1:latest","created_at":"2026-04-01T18:20:03.747144056Z","message":{"role":"assistant","content":" \""},"done":false}
{"model":"llama3.1:latest","created_at":"2026-04-01T18:20:03.833180562Z","message":{"role":"assistant","content":"name"},"done":false}
{"model":"llama3.1:latest","created_at":"2026-04-01T18:20:03.919729911Z","message":{"role":"assistant","content":"\":"},"done":false}
{"model":"llama3.1:latest","created_at":"2026-04-01T18:20:04.005369273Z","message":{"role":"assistant","content":" \""},"done":false}
{"model":"llama3.1:latest","created_at":"2026-04-01T18:20:04.093708675Z","message":{"role":"assistant","content":"Jos"},"done":false}
{"model":"llama3.1:latest","created_at":"2026-04-01T18:20:04.1787772Z","message":{"role":"assistant","content":"é"},"done":false}
{"model":"llama3.1:latest","created_at":"2026-04-01T18:20:04.263906226Z","message":{"role":"assistant","content":" Antonio"},"done":false}
{"model":"llama3.1:latest","created_at":"2026-04-01T18:20:04.350179041Z","message":{"role":"assistant","content":" R"},"done":false}
{"model":"llama3.1:latest","created_at":"2026-04-01T18:20:04.436841861Z","message":{"role":"assistant","content":"ivas"},"done":false}
{"model":"llama3.1:latest","created_at":"2026-04-01T18:20:04.521641554Z","message":{"role":"assistant","content":" Fern"},"done":false}
{"model":"llama3.1:latest","created_at":"2026-04-01T18:20:04.607545673Z","message":{"role":"assistant","content":"ández"},"done":false}
{"model":"llama3.1:latest","created_at":"2026-04-01T18:20:04.693708706Z","message":{"role":"assistant","content":"\",\n"},"done":false}
{"model":"llama3.1:latest","created_at":"2026-04-01T18:20:04.780189432Z","message":{"role":"assistant","content":" "},"done":false}
{"model":"llama3.1:latest","created_at":"2026-04-01T18:20:04.865478837Z","message":{"role":"assistant","content":" \""},"done":false}
{"model":"llama3.1:latest","created_at":"2026-04-01T18:20:04.950973112Z","message":{"role":"assistant","content":"email"},"done":false}
{"model":"llama3.1:latest","created_at":"2026-04-01T18:20:05.036420323Z","message":{"role":"assistant","content":"\":"},"done":false}
{"model":"llama3.1:latest","created_at":"2026-04-01T18:20:05.123059323Z","message":{"role":"assistant","content":" \""},"done":false}
{"model":"llama3.1:latest","created_at":"2026-04-01T18:20:05.208410119Z","message":{"role":"assistant","content":"me"},"done":false}
{"model":"llama3.1:latest","created_at":"2026-04-01T18:20:05.293772549Z","message":{"role":"assistant","content":"@"},"done":false}
{"model":"llama3.1:latest","created_at":"2026-04-01T18:20:05.377793185Z","message":{"role":"assistant","content":"jar"},"done":false}
{"model":"llama3.1:latest","created_at":"2026-04-01T18:20:05.464080326Z","message":{"role":"assistant","content":"ivas"},"done":false}
{"model":"llama3.1:latest","created_at":"2026-04-01T18:20:05.549160711Z","message":{"role":"assistant","content":".work"},"done":false}
{"model":"llama3.1:latest","created_at":"2026-04-01T18:20:05.635867574Z","message":{"role":"assistant","content":"\",\n"},"done":false}
{"model":"llama3.1:latest","created_at":"2026-04-01T18:20:05.721198408Z","message":{"role":"assistant","content":" "},"done":false}
{"model":"llama3.1:latest","created_at":"2026-04-01T18:20:05.808166028Z","message":{"role":"assistant","content":" \""},"done":false}
{"model":"llama3.1:latest","created_at":"2026-04-01T18:20:05.895144766Z","message":{"role":"assistant","content":"phone"},"done":false}
{"model":"llama3.1:latest","created_at":"2026-04-01T18:20:05.982169845Z","message":{"role":"assistant","content":"\":"},"done":false}
{"model":"llama3.1:latest","created_at":"2026-04-01T18:20:06.066711436Z","message":{"role":"assistant","content":" \"+"},"done":false}
{"model":"llama3.1:latest","created_at":"2026-04-01T18:20:06.153393216Z","message":{"role":"assistant","content":"34"},"done":false}
{"model":"llama3.1:latest","created_at":"2026-04-01T18:20:06.243188542Z","message":{"role":"assistant","content":" "},"done":false}
{"model":"llama3.1:latest","created_at":"2026-04-01T18:20:06.329777989Z","message":{"role":"assistant","content":"655"},"done":false}
{"model":"llama3.1:latest","created_at":"2026-04-01T18:20:06.416703617Z","message":{"role":"assistant","content":"010"},"done":false}
{"model":"llama3.1:latest","created_at":"2026-04-01T18:20:06.502192985Z","message":{"role":"assistant","content":"958"},"done":false}
{"model":"llama3.1:latest","created_at":"2026-04-01T18:20:06.587586005Z","message":{"role":"assistant","content":"\",\n"},"done":false}
{"model":"llama3.1:latest","created_at":"2026-04-01T18:20:06.674535856Z","message":{"role":"assistant","content":" "},"done":false}
{"model":"llama3.1:latest","created_at":"2026-04-01T18:20:06.761178451Z","message":{"role":"assistant","content":" \""},"done":false}
{"model":"llama3.1:latest","created_at":"2026-04-01T18:20:06.846227654Z","message":{"role":"assistant","content":"github"},"done":false}
{"model":"llama3.1:latest","created_at":"2026-04-01T18:20:06.932893809Z","message":{"role":"assistant","content":"\":"},"done":false}
{"model":"llama3.1:latest","created_at":"2026-04-01T18:20:07.019683419Z","message":{"role":"assistant","content":" \""},"done":false}
{"model":"llama3.1:latest","created_at":"2026-04-01T18:20:07.106110877Z","message":{"role":"assistant","content":"jos"},"done":false}
{"model":"llama3.1:latest","created_at":"2026-04-01T18:20:07.191258132Z","message":{"role":"assistant","content":"err"},"done":false}
{"model":"llama3.1:latest","created_at":"2026-04-01T18:20:07.280446765Z","message":{"role":"assistant","content":"iv"},"done":false}
{"model":"llama3.1:latest","created_at":"2026-04-01T18:20:07.365293991Z","message":{"role":"assistant","content":"ast"},"done":false}
{"model":"llama3.1:latest","created_at":"2026-04-01T18:20:07.450996579Z","message":{"role":"assistant","content":"f"},"done":false}
{"model":"llama3.1:latest","created_at":"2026-04-01T18:20:07.536181677Z","message":{"role":"assistant","content":"\",\n"},"done":false}
{"model":"llama3.1:latest","created_at":"2026-04-01T18:20:07.623022047Z","message":{"role":"assistant","content":" "},"done":false}
{"model":"llama3.1:latest","created_at":"2026-04-01T18:20:07.707772207Z","message":{"role":"assistant","content":" \""},"done":false}
{"model":"llama3.1:latest","created_at":"2026-04-01T18:20:07.793472904Z","message":{"role":"assistant","content":"linkedin"},"done":false}
{"model":"llama3.1:latest","created_at":"2026-04-01T18:20:07.880091858Z","message":{"role":"assistant","content":"\":"},"done":false}
{"model":"llama3.1:latest","created_at":"2026-04-01T18:20:07.965774176Z","message":{"role":"assistant","content":" \""},"done":false}
{"model":"llama3.1:latest","created_at":"2026-04-01T18:20:08.050811025Z","message":{"role":"assistant","content":"C"},"done":false}
{"model":"llama3.1:latest","created_at":"2026-04-01T18:20:08.136351541Z","message":{"role":"assistant","content":"red"},"done":false}
{"model":"llama3.1:latest","created_at":"2026-04-01T18:20:08.222180143Z","message":{"role":"assistant","content":"ly"},"done":false}
{"model":"llama3.1:latest","created_at":"2026-04-01T18:20:08.310069398Z","message":{"role":"assistant","content":"\",\n"},"done":false}
{"model":"llama3.1:latest","created_at":"2026-04-01T18:20:08.39628374Z","message":{"role":"assistant","content":" "},"done":false}
{"model":"llama3.1:latest","created_at":"2026-04-01T18:20:08.482833152Z","message":{"role":"assistant","content":" \""},"done":false}
{"model":"llama3.1:latest","created_at":"2026-04-01T18:20:08.569351753Z","message":{"role":"assistant","content":"resume"},"done":false}
{"model":"llama3.1:latest","created_at":"2026-04-01T18:20:08.655620516Z","message":{"role":"assistant","content":"\":\n"},"done":false}
{"model":"llama3.1:latest","created_at":"2026-04-01T18:20:08.742253558Z","message":{"role":"assistant","content":"   "},"done":false}
{"model":"llama3.1:latest","created_at":"2026-04-01T18:20:08.828586409Z","message":{"role":"assistant","content":" {\n"},"done":false}
{"model":"llama3.1:latest","created_at":"2026-04-01T18:20:08.913885235Z","message":{"role":"assistant","content":"     "},"done":false}
{"model":"llama3.1:latest","created_at":"2026-04-01T18:20:09.0008663Z","message":{"role":"assistant","content":" \""},"done":false}
{"model":"llama3.1:latest","created_at":"2026-04-01T18:20:09.088114Z","message":{"role":"assistant","content":"education"},"done":false}
{"model":"llama3.1:latest","created_at":"2026-04-01T18:20:09.174722002Z","message":{"role":"assistant","content":"\":"},"done":false}
{"model":"llama3.1:latest","created_at":"2026-04-01T18:20:09.261663414Z","message":{"role":"assistant","content":" \"\",\n"},"done":false}
{"model":"llama3.1:latest","created_at":"2026-04-01T18:20:09.350377985Z","message":{"role":"assistant","content":"     "},"done":false}
{"model":"llama3.1:latest","created_at":"2026-04-01T18:20:09.440283437Z","message":{"role":"assistant","content":" \""},"done":false}
{"model":"llama3.1:latest","created_at":"2026-04-01T18:20:09.526657509Z","message":{"role":"assistant","content":"skills"},"done":false}
{"model":"llama3.1:latest","created_at":"2026-04-01T18:20:09.612304687Z","message":{"role":"assistant","content":"\":"},"done":false}
{"model":"llama3.1:latest","created_at":"2026-04-01T18:20:09.69857175Z","message":{"role":"assistant","content":" [],\n"},"done":false}
{"model":"llama3.1:latest","created_at":"2026-04-01T18:20:09.783677238Z","message":{"role":"assistant","content":"     "},"done":false}
{"model":"llama3.1:latest","created_at":"2026-04-01T18:20:09.870229121Z","message":{"role":"assistant","content":" \""},"done":false}
{"model":"llama3.1:latest","created_at":"2026-04-01T18:20:09.957006235Z","message":{"role":"assistant","content":"experience"},"done":false}
{"model":"llama3.1:latest","created_at":"2026-04-01T18:20:10.043269569Z","message":{"role":"assistant","content":"\":\n"},"done":false}
{"model":"llama3.1:latest","created_at":"2026-04-01T18:20:10.128892287Z","message":{"role":"assistant","content":"       "},"done":false}
{"model":"llama3.1:latest","created_at":"2026-04-01T18:20:10.214289509Z","message":{"role":"assistant","content":" [\n"},"done":false}
{"model":"llama3.1:latest","created_at":"2026-04-01T18:20:10.299997548Z","message":{"role":"assistant","content":"         "},"done":false}
{"model":"llama3.1:latest","created_at":"2026-04-01T18:20:10.384716775Z","message":{"role":"assistant","content":" {\n"},"done":false}
{"model":"llama3.1:latest","created_at":"2026-04-01T18:20:10.474128123Z","message":{"role":"assistant","content":"           "},"done":false}
{"model":"llama3.1:latest","created_at":"2026-04-01T18:20:10.560325089Z","message":{"role":"assistant","content":" \""},"done":false}
{"model":"llama3.1:latest","created_at":"2026-04-01T18:20:10.64621402Z","message":{"role":"assistant","content":"title"},"done":false}
{"model":"llama3.1:latest","created_at":"2026-04-01T18:20:10.732532039Z","message":{"role":"assistant","content":"\":"},"done":false}
{"model":"llama3.1:latest","created_at":"2026-04-01T18:20:10.818085188Z","message":{"role":"assistant","content":" \""},"done":false}
{"model":"llama3.1:latest","created_at":"2026-04-01T18:20:10.901938057Z","message":{"role":"assistant","content":"J"},"done":false}
{"model":"llama3.1:latest","created_at":"2026-04-01T18:20:10.987799131Z","message":{"role":"assistant","content":"efe"},"done":false}
{"model":"llama3.1:latest","created_at":"2026-04-01T18:20:11.074615385Z","message":{"role":"assistant","content":" de"},"done":false}
{"model":"llama3.1:latest","created_at":"2026-04-01T18:20:11.16123853Z","message":{"role":"assistant","content":" Des"},"done":false}
{"model":"llama3.1:latest","created_at":"2026-04-01T18:20:11.246257172Z","message":{"role":"assistant","content":"ar"},"done":false}
{"model":"llama3.1:latest","created_at":"2026-04-01T18:20:11.333697365Z","message":{"role":"assistant","content":"rollo"},"done":false}
{"model":"llama3.1:latest","created_at":"2026-04-01T18:20:11.420937003Z","message":{"role":"assistant","content":"\",\n"},"done":false}
{"model":"llama3.1:latest","created_at":"2026-04-01T18:20:11.509131294Z","message":{"role":"assistant","content":"           "},"done":false}
{"model":"llama3.1:latest","created_at":"2026-04-01T18:20:11.595599447Z","message":{"role":"assistant","content":" \""},"done":false}
{"model":"llama3.1:latest","created_at":"2026-04-01T18:20:11.682513431Z","message":{"role":"assistant","content":"company"},"done":false}
{"model":"llama3.1:latest","created_at":"2026-04-01T18:20:11.76869531Z","message":{"role":"assistant","content":"\":"},"done":false}
{"model":"llama3.1:latest","created_at":"2026-04-01T18:20:11.854657491Z","message":{"role":"assistant","content":" \""},"done":false}
{"model":"llama3.1:latest","created_at":"2026-04-01T18:20:11.941774774Z","message":{"role":"assistant","content":"In"},"done":false}
{"model":"llama3.1:latest","created_at":"2026-04-01T18:20:12.02843714Z","message":{"role":"assistant","content":"One"},"done":false}
{"model":"llama3.1:latest","created_at":"2026-04-01T18:20:12.115392691Z","message":{"role":"assistant","content":"\",\n"},"done":false}
{"model":"llama3.1:latest","created_at":"2026-04-01T18:20:12.202237969Z","message":{"role":"assistant","content":"           "},"done":false}
{"model":"llama3.1:latest","created_at":"2026-04-01T18:20:12.288980378Z","message":{"role":"assistant","content":" \""},"done":false}
{"model":"llama3.1:latest","created_at":"2026-04-01T18:20:12.37542417Z","message":{"role":"assistant","content":"location"},"done":false}
{"model":"llama3.1:latest","created_at":"2026-04-01T18:20:12.462191676Z","message":{"role":"assistant","content":"\":"},"done":false}
{"model":"llama3.1:latest","created_at":"2026-04-01T18:20:12.549609449Z","message":{"role":"assistant","content":" \""},"done":false}
{"model":"llama3.1:latest","created_at":"2026-04-01T18:20:12.637835015Z","message":{"role":"assistant","content":"Esp"},"done":false}
{"model":"llama3.1:latest","created_at":"2026-04-01T18:20:12.72257814Z","message":{"role":"assistant","content":"aña"},"done":false}
{"model":"llama3.1:latest","created_at":"2026-04-01T18:20:12.809008873Z","message":{"role":"assistant","content":"\",\n"},"done":false}
{"model":"llama3.1:latest","created_at":"2026-04-01T18:20:12.893935009Z","message":{"role":"assistant","content":"           "},"done":false}
{"model":"llama3.1:latest","created_at":"2026-04-01T18:20:12.979226313Z","message":{"role":"assistant","content":" \""},"done":false}
{"model":"llama3.1:latest","created_at":"2026-04-01T18:20:13.066429177Z","message":{"role":"assistant","content":"dates"},"done":false}
{"model":"llama3.1:latest","created_at":"2026-04-01T18:20:13.153140886Z","message":{"role":"assistant","content":"\":"},"done":false}
{"model":"llama3.1:latest","created_at":"2026-04-01T18:20:13.238051516Z","message":{"role":"assistant","content":" \""},"done":false}
{"model":"llama3.1:latest","created_at":"2026-04-01T18:20:13.324925283Z","message":{"role":"assistant","content":"Jun"},"done":false}
{"model":"llama3.1:latest","created_at":"2026-04-01T18:20:13.41082944Z","message":{"role":"assistant","content":"io"},"done":false}
{"model":"llama3.1:latest","created_at":"2026-04-01T18:20:13.497445325Z","message":{"role":"assistant","content":" "},"done":false}
{"model":"llama3.1:latest","created_at":"2026-04-01T18:20:13.585709948Z","message":{"role":"assistant","content":"202"},"done":false}
{"model":"llama3.1:latest","created_at":"2026-04-01T18:20:13.674591217Z","message":{"role":"assistant","content":"5"},"done":false}
{"model":"llama3.1:latest","created_at":"2026-04-01T18:20:13.760593907Z","message":{"role":"assistant","content":" -"},"done":false}
{"model":"llama3.1:latest","created_at":"2026-04-01T18:20:13.846217883Z","message":{"role":"assistant","content":" En"},"done":false}
{"model":"llama3.1:latest","created_at":"2026-04-01T18:20:13.93344908Z","message":{"role":"assistant","content":" la"},"done":false}
{"model":"llama3.1:latest","created_at":"2026-04-01T18:20:14.020660354Z","message":{"role":"assistant","content":" actual"},"done":false}
{"model":"llama3.1:latest","created_at":"2026-04-01T18:20:14.106770353Z","message":{"role":"assistant","content":"idad"},"done":false}
{"model":"llama3.1:latest","created_at":"2026-04-01T18:20:14.194092183Z","message":{"role":"assistant","content":"\",\n"},"done":false}
{"model":"llama3.1:latest","created_at":"2026-04-01T18:20:14.280696894Z","message":{"role":"assistant","content":"           "},"done":false}
{"model":"llama3.1:latest","created_at":"2026-04-01T18:20:14.366917301Z","message":{"role":"assistant","content":" \""},"done":false}
{"model":"llama3.1:latest","created_at":"2026-04-01T18:20:14.454220835Z","message":{"role":"assistant","content":"description"},"done":false}
{"model":"llama3.1:latest","created_at":"2026-04-01T18:20:14.541010333Z","message":{"role":"assistant","content":"\":\n"},"done":false}
{"model":"llama3.1:latest","created_at":"2026-04-01T18:20:14.629535863Z","message":{"role":"assistant","content":"             "},"done":false}
{"model":"llama3.1:latest","created_at":"2026-04-01T18:20:14.718987384Z","message":{"role":"assistant","content":" \""},"done":false}
{"model":"llama3.1:latest","created_at":"2026-04-01T18:20:14.805788499Z","message":{"role":"assistant","content":"Pl"},"done":false}
{"model":"llama3.1:latest","created_at":"2026-04-01T18:20:14.892882768Z","message":{"role":"assistant","content":"ata"},"done":false}
{"model":"llama3.1:latest","created_at":"2026-04-01T18:20:14.980417354Z","message":{"role":"assistant","content":"forma"},"done":false}
{"model":"llama3.1:latest","created_at":"2026-04-01T18:20:15.066806112Z","message":{"role":"assistant","content":" de"},"done":false}
{"model":"llama3.1:latest","created_at":"2026-04-01T18:20:15.153815988Z","message":{"role":"assistant","content":" Marketing"},"done":false}
{"model":"llama3.1:latest","created_at":"2026-04-01T18:20:15.240164682Z","message":{"role":"assistant","content":" y"},"done":false}
{"model":"llama3.1:latest","created_at":"2026-04-01T18:20:15.325818621Z","message":{"role":"assistant","content":" Gest"},"done":false}
{"model":"llama3.1:latest","created_at":"2026-04-01T18:20:15.412800838Z","message":{"role":"assistant","content":"ión"},"done":false}
{"model":"llama3.1:latest","created_at":"2026-04-01T18:20:15.49843824Z","message":{"role":"assistant","content":" Digital"},"done":false}
{"model":"llama3.1:latest","created_at":"2026-04-01T18:20:15.584585686Z","message":{"role":"assistant","content":" integral"},"done":false}
{"model":"llama3.1:latest","created_at":"2026-04-01T18:20:15.67173669Z","message":{"role":"assistant","content":" enf"},"done":false}
{"model":"llama3.1:latest","created_at":"2026-04-01T18:20:15.759532935Z","message":{"role":"assistant","content":"oc"},"done":false}
{"model":"llama3.1:latest","created_at":"2026-04-01T18:20:15.845686048Z","message":{"role":"assistant","content":"ada"},"done":false}
{"model":"llama3.1:latest","created_at":"2026-04-01T18:20:15.93235078Z","message":{"role":"assistant","content":" en"},"done":false}
{"model":"llama3.1:latest","created_at":"2026-04-01T18:20:16.019394633Z","message":{"role":"assistant","content":" la"},"done":false}
{"model":"llama3.1:latest","created_at":"2026-04-01T18:20:16.105321676Z","message":{"role":"assistant","content":" indust"},"done":false}
{"model":"llama3.1:latest","created_at":"2026-04-01T18:20:16.190536327Z","message":{"role":"assistant","content":"ria"},"done":false}
{"model":"llama3.1:latest","created_at":"2026-04-01T18:20:16.277946687Z","message":{"role":"assistant","content":" del"},"done":false}
{"model":"llama3.1:latest","created_at":"2026-04-01T18:20:16.365401215Z","message":{"role":"assistant","content":" golf"},"done":false}
{"model":"llama3.1:latest","created_at":"2026-04-01T18:20:16.45108455Z","message":{"role":"assistant","content":".\",\n"},"done":false}
{"model":"llama3.1:latest","created_at":"2026-04-01T18:20:16.53814139Z","message":{"role":"assistant","content":"           "},"done":false}
{"model":"llama3.1:latest","created_at":"2026-04-01T18:20:16.625104953Z","message":{"role":"assistant","content":" \""},"done":false}
{"model":"llama3.1:latest","created_at":"2026-04-01T18:20:16.711760419Z","message":{"role":"assistant","content":"techn"},"done":false}
{"model":"llama3.1:latest","created_at":"2026-04-01T18:20:16.801865533Z","message":{"role":"assistant","content":"ologies"},"done":false}
{"model":"llama3.1:latest","created_at":"2026-04-01T18:20:16.888627606Z","message":{"role":"assistant","content":"\":\n"},"done":false}
{"model":"llama3.1:latest","created_at":"2026-04-01T18:20:16.976204413Z","message":{"role":"assistant","content":"             "},"done":false}
{"model":"llama3.1:latest","created_at":"2026-04-01T18:20:17.063523129Z","message":{"role":"assistant","content":" [\n"},"done":false}
{"model":"llama3.1:latest","created_at":"2026-04-01T18:20:17.150432395Z","message":{"role":"assistant","content":"               "},"done":false}
{"model":"llama3.1:latest","created_at":"2026-04-01T18:20:17.23763408Z","message":{"role":"assistant","content":" {\""},"done":false}
{"model":"llama3.1:latest","created_at":"2026-04-01T18:20:17.324478468Z","message":{"role":"assistant","content":"name"},"done":false}
{"model":"llama3.1:latest","created_at":"2026-04-01T18:20:17.411949072Z","message":{"role":"assistant","content":"\":"},"done":false}
{"model":"llama3.1:latest","created_at":"2026-04-01T18:20:17.499166947Z","message":{"role":"assistant","content":" \""},"done":false}
{"model":"llama3.1:latest","created_at":"2026-04-01T18:20:17.584722167Z","message":{"role":"assistant","content":"PHP"},"done":false}
{"model":"llama3.1:latest","created_at":"2026-04-01T18:20:17.671510229Z","message":{"role":"assistant","content":"\","},"done":false}
{"model":"llama3.1:latest","created_at":"2026-04-01T18:20:17.758091509Z","message":{"role":"assistant","content":" \""},"done":false}
{"model":"llama3.1:latest","created_at":"2026-04-01T18:20:17.846517191Z","message":{"role":"assistant","content":"version"},"done":false}
{"model":"llama3.1:latest","created_at":"2026-04-01T18:20:17.932742008Z","message":{"role":"assistant","content":"\":"},"done":false}
{"model":"llama3.1:latest","created_at":"2026-04-01T18:20:18.019198712Z","message":{"role":"assistant","content":" \""},"done":false}
{"model":"llama3.1:latest","created_at":"2026-04-01T18:20:18.105158387Z","message":{"role":"assistant","content":"8"},"done":false}
{"model":"llama3.1:latest","created_at":"2026-04-01T18:20:18.191979268Z","message":{"role":"assistant","content":"\"},\n"},"done":false}
{"model":"llama3.1:latest","created_at":"2026-04-01T18:20:18.278852463Z","message":{"role":"assistant","content":"               "},"done":false}
{"model":"llama3.1:latest","created_at":"2026-04-01T18:20:18.366291478Z","message":{"role":"assistant","content":" {\""},"done":false}
{"model":"llama3.1:latest","created_at":"2026-04-01T18:20:18.452586434Z","message":{"role":"assistant","content":"name"},"done":false}
{"model":"llama3.1:latest","created_at":"2026-04-01T18:20:18.537339228Z","message":{"role":"assistant","content":"\":"},"done":false}
{"model":"llama3.1:latest","created_at":"2026-04-01T18:20:18.62363444Z","message":{"role":"assistant","content":" \""},"done":false}
{"model":"llama3.1:latest","created_at":"2026-04-01T18:20:18.711432183Z","message":{"role":"assistant","content":"M"},"done":false}
{"model":"llama3.1:latest","created_at":"2026-04-01T18:20:18.798626555Z","message":{"role":"assistant","content":"ysql"},"done":false}
{"model":"llama3.1:latest","created_at":"2026-04-01T18:20:18.888464788Z","message":{"role":"assistant","content":"\","},"done":false}
{"model":"llama3.1:latest","created_at":"2026-04-01T18:20:18.977523205Z","message":{"role":"assistant","content":" \""},"done":false}
{"model":"llama3.1:latest","created_at":"2026-04-01T18:20:19.065738979Z","message":{"role":"assistant","content":"version"},"done":false}
{"model":"llama3.1:latest","created_at":"2026-04-01T18:20:19.152650278Z","message":{"role":"assistant","content":"\":"},"done":false}
{"model":"llama3.1:latest","created_at":"2026-04-01T18:20:19.240527812Z","message":{"role":"assistant","content":" \"\"},\n"},"done":false}
{"model":"llama3.1:latest","created_at":"2026-04-01T18:20:19.328550818Z","message":{"role":"assistant","content":"               "},"done":false}
{"model":"llama3.1:latest","created_at":"2026-04-01T18:20:19.416444464Z","message":{"role":"assistant","content":" {\""},"done":false}
{"model":"llama3.1:latest","created_at":"2026-04-01T18:20:19.503348468Z","message":{"role":"assistant","content":"name"},"done":false}
{"model":"llama3.1:latest","created_at":"2026-04-01T18:20:19.590317319Z","message":{"role":"assistant","content":"\":"},"done":false}
{"model":"llama3.1:latest","created_at":"2026-04-01T18:20:19.677843268Z","message":{"role":"assistant","content":" \""},"done":false}
{"model":"llama3.1:latest","created_at":"2026-04-01T18:20:19.762227176Z","message":{"role":"assistant","content":"L"},"done":false}
{"model":"llama3.1:latest","created_at":"2026-04-01T18:20:19.849661297Z","message":{"role":"assistant","content":"aravel"},"done":false}
{"model":"llama3.1:latest","created_at":"2026-04-01T18:20:19.936243211Z","message":{"role":"assistant","content":"\","},"done":false}
{"model":"llama3.1:latest","created_at":"2026-04-01T18:20:20.0240299Z","message":{"role":"assistant","content":" \""},"done":false}
{"model":"llama3.1:latest","created_at":"2026-04-01T18:20:20.11054627Z","message":{"role":"assistant","content":"version"},"done":false}
{"model":"llama3.1:latest","created_at":"2026-04-01T18:20:20.196616911Z","message":{"role":"assistant","content":"\":"},"done":false}
{"model":"llama3.1:latest","created_at":"2026-04-01T18:20:20.282786341Z","message":{"role":"assistant","content":" \""},"done":false}
{"model":"llama3.1:latest","created_at":"2026-04-01T18:20:20.370016307Z","message":{"role":"assistant","content":"11"},"done":false}
{"model":"llama3.1:latest","created_at":"2026-04-01T18:20:20.456139502Z","message":{"role":"assistant","content":"\"},\n"},"done":false}
{"model":"llama3.1:latest","created_at":"2026-04-01T18:20:20.542166997Z","message":{"role":"assistant","content":"               "},"done":false}
{"model":"llama3.1:latest","created_at":"2026-04-01T18:20:20.628982207Z","message":{"role":"assistant","content":" {\""},"done":false}
{"model":"llama3.1:latest","created_at":"2026-04-01T18:20:20.716562724Z","message":{"role":"assistant","content":"name"},"done":false}
{"model":"llama3.1:latest","created_at":"2026-04-01T18:20:20.802174342Z","message":{"role":"assistant","content":"\":"},"done":false}
{"model":"llama3.1:latest","created_at":"2026-04-01T18:20:20.889741978Z","message":{"role":"assistant","content":" \""},"done":false}
{"model":"llama3.1:latest","created_at":"2026-04-01T18:20:20.978680239Z","message":{"role":"assistant","content":"EC"},"done":false}
{"model":"llama3.1:latest","created_at":"2026-04-01T18:20:21.068568835Z","message":{"role":"assistant","content":"2"},"done":false}
{"model":"llama3.1:latest","created_at":"2026-04-01T18:20:21.156140963Z","message":{"role":"assistant","content":"\","},"done":false}
{"model":"llama3.1:latest","created_at":"2026-04-01T18:20:21.242858554Z","message":{"role":"assistant","content":" \"\"},\n"},"done":false}
{"model":"llama3.1:latest","created_at":"2026-04-01T18:20:21.330447749Z","message":{"role":"assistant","content":"               "},"done":false}
{"model":"llama3.1:latest","created_at":"2026-04-01T18:20:21.417012554Z","message":{"role":"assistant","content":" {\""},"done":false}
{"model":"llama3.1:latest","created_at":"2026-04-01T18:20:21.504180043Z","message":{"role":"assistant","content":"name"},"done":false}
{"model":"llama3.1:latest","created_at":"2026-04-01T18:20:21.591592826Z","message":{"role":"assistant","content":"\":"},"done":false}
{"model":"llama3.1:latest","created_at":"2026-04-01T18:20:21.679030194Z","message":{"role":"assistant","content":" \""},"done":false}
{"model":"llama3.1:latest","created_at":"2026-04-01T18:20:21.766164309Z","message":{"role":"assistant","content":"S"},"done":false}
{"model":"llama3.1:latest","created_at":"2026-04-01T18:20:21.853826348Z","message":{"role":"assistant","content":"3"},"done":false}
{"model":"llama3.1:latest","created_at":"2026-04-01T18:20:21.939114737Z","message":{"role":"assistant","content":"\","},"done":false}
{"model":"llama3.1:latest","created_at":"2026-04-01T18:20:22.027197657Z","message":{"role":"assistant","content":" \"\"},\n"},"done":false}
{"model":"llama3.1:latest","created_at":"2026-04-01T18:20:22.117580547Z","message":{"role":"assistant","content":"               "},"done":false}
{"model":"llama3.1:latest","created_at":"2026-04-01T18:20:22.203231183Z","message":{"role":"assistant","content":" {\""},"done":false}
{"model":"llama3.1:latest","created_at":"2026-04-01T18:20:22.290136076Z","message":{"role":"assistant","content":"name"},"done":false}
{"model":"llama3.1:latest","created_at":"2026-04-01T18:20:22.377804442Z","message":{"role":"assistant","content":"\":"},"done":false}
{"model":"llama3.1:latest","created_at":"2026-04-01T18:20:22.464125873Z","message":{"role":"assistant","content":" \""},"done":false}
{"model":"llama3.1:latest","created_at":"2026-04-01T18:20:22.550583155Z","message":{"role":"assistant","content":"D"},"done":false}
{"model":"llama3.1:latest","created_at":"2026-04-01T18:20:22.638072513Z","message":{"role":"assistant","content":"ocker"},"done":false}
{"model":"llama3.1:latest","created_at":"2026-04-01T18:20:22.724158034Z","message":{"role":"assistant","content":"\","},"done":false}
{"model":"llama3.1:latest","created_at":"2026-04-01T18:20:22.809758674Z","message":{"role":"assistant","content":" \"\"}\n"},"done":false}
{"model":"llama3.1:latest","created_at":"2026-04-01T18:20:22.897568027Z","message":{"role":"assistant","content":"             "},"done":false}
{"model":"llama3.1:latest","created_at":"2026-04-01T18:20:22.985338307Z","message":{"role":"assistant","content":" ],\n"},"done":false}
{"model":"llama3.1:latest","created_at":"2026-04-01T18:20:23.07388866Z","message":{"role":"assistant","content":"           "},"done":false}
{"model":"llama3.1:latest","created_at":"2026-04-01T18:20:23.164348119Z","message":{"role":"assistant","content":" \""},"done":false}
{"model":"llama3.1:latest","created_at":"2026-04-01T18:20:23.252089783Z","message":{"role":"assistant","content":"tasks"},"done":false}
{"model":"llama3.1:latest","created_at":"2026-04-01T18:20:23.339454552Z","message":{"role":"assistant","content":"\":\n"},"done":false}
{"model":"llama3.1:latest","created_at":"2026-04-01T18:20:23.426967958Z","message":{"role":"assistant","content":"             "},"done":false}
{"model":"llama3.1:latest","created_at":"2026-04-01T18:20:23.514617319Z","message":{"role":"assistant","content":" [\n"},"done":false}
{"model":"llama3.1:latest","created_at":"2026-04-01T18:20:23.602349358Z","message":{"role":"assistant","content":"               "},"done":false}
{"model":"llama3.1:latest","created_at":"2026-04-01T18:20:23.68995578Z","message":{"role":"assistant","content":" {\n"},"done":false}
{"model":"llama3.1:latest","created_at":"2026-04-01T18:20:23.778651253Z","message":{"role":"assistant","content":"                 "},"done":false}
{"model":"llama3.1:latest","created_at":"2026-04-01T18:20:23.866059472Z","message":{"role":"assistant","content":" \""},"done":false}
{"model":"llama3.1:latest","created_at":"2026-04-01T18:20:23.952429652Z","message":{"role":"assistant","content":"name"},"done":false}
{"model":"llama3.1:latest","created_at":"2026-04-01T18:20:24.038653887Z","message":{"role":"assistant","content":"\":"},"done":false}
{"model":"llama3.1:latest","created_at":"2026-04-01T18:20:24.126055227Z","message":{"role":"assistant","content":" \""},"done":false}
{"model":"llama3.1:latest","created_at":"2026-04-01T18:20:24.215989441Z","message":{"role":"assistant","content":"D"},"done":false}
{"model":"llama3.1:latest","created_at":"2026-04-01T18:20:24.301762286Z","message":{"role":"assistant","content":"ise"},"done":false}
{"model":"llama3.1:latest","created_at":"2026-04-01T18:20:24.388604543Z","message":{"role":"assistant","content":"ñ"},"done":false}
{"model":"llama3.1:latest","created_at":"2026-04-01T18:20:24.475115541Z","message":{"role":"assistant","content":"ar"},"done":false}
{"model":"llama3.1:latest","created_at":"2026-04-01T18:20:24.563170722Z","message":{"role":"assistant","content":" y"},"done":false}
{"model":"llama3.1:latest","created_at":"2026-04-01T18:20:24.649773114Z","message":{"role":"assistant","content":" desarroll"},"done":false}
{"model":"llama3.1:latest","created_at":"2026-04-01T18:20:24.737226662Z","message":{"role":"assistant","content":"ar"},"done":false}
{"model":"llama3.1:latest","created_at":"2026-04-01T18:20:24.825244747Z","message":{"role":"assistant","content":" el"},"done":false}
{"model":"llama3.1:latest","created_at":"2026-04-01T18:20:24.91341659Z","message":{"role":"assistant","content":" nuevo"},"done":false}
{"model":"llama3.1:latest","created_at":"2026-04-01T18:20:25.000566633Z","message":{"role":"assistant","content":" CRM"},"done":false}
{"model":"llama3.1:latest","created_at":"2026-04-01T18:20:25.08807228Z","message":{"role":"assistant","content":" bas"},"done":false}
{"model":"llama3.1:latest","created_at":"2026-04-01T18:20:25.175894663Z","message":{"role":"assistant","content":"ado"},"done":false}
{"model":"llama3.1:latest","created_at":"2026-04-01T18:20:25.265647899Z","message":{"role":"assistant","content":" en"},"done":false}
{"model":"llama3.1:latest","created_at":"2026-04-01T18:20:25.351819532Z","message":{"role":"assistant","content":" APIs"},"done":false}
{"model":"llama3.1:latest","created_at":"2026-04-01T18:20:25.439399996Z","message":{"role":"assistant","content":" Rest"},"done":false}
{"model":"llama3.1:latest","created_at":"2026-04-01T18:20:25.526918755Z","message":{"role":"assistant","content":" usando"},"done":false}
{"model":"llama3.1:latest","created_at":"2026-04-01T18:20:25.614661446Z","message":{"role":"assistant","content":" Laravel"},"done":false}
{"model":"llama3.1:latest","created_at":"2026-04-01T18:20:25.702714912Z","message":{"role":"assistant","content":"\",\n"},"done":false}
{"model":"llama3.1:latest","created_at":"2026-04-01T18:20:25.790140529Z","message":{"role":"assistant","content":"                 "},"done":false}
{"model":"llama3.1:latest","created_at":"2026-04-01T18:20:25.877234559Z","message":{"role":"assistant","content":" \""},"done":false}
{"model":"llama3.1:latest","created_at":"2026-04-01T18:20:25.963059052Z","message":{"role":"assistant","content":"description"},"done":false}
{"model":"llama3.1:latest","created_at":"2026-04-01T18:20:26.050680876Z","message":{"role":"assistant","content":"\":"},"done":false}
{"model":"llama3.1:latest","created_at":"2026-04-01T18:20:26.137906277Z","message":{"role":"assistant","content":" \"\"\n"},"done":false}
{"model":"llama3.1:latest","created_at":"2026-04-01T18:20:26.22374381Z","message":{"role":"assistant","content":"               "},"done":false}
{"model":"llama3.1:latest","created_at":"2026-04-01T18:20:26.312497203Z","message":{"role":"assistant","content":" },\n"},"done":false}
{"model":"llama3.1:latest","created_at":"2026-04-01T18:20:26.400655947Z","message":{"role":"assistant","content":"               "},"done":false}
{"model":"llama3.1:latest","created_at":"2026-04-01T18:20:26.487158522Z","message":{"role":"assistant","content":" {\n"},"done":false}
{"model":"llama3.1:latest","created_at":"2026-04-01T18:20:26.57509316Z","message":{"role":"assistant","content":"                 "},"done":false}
{"model":"llama3.1:latest","created_at":"2026-04-01T18:20:26.661705789Z","message":{"role":"assistant","content":" \""},"done":false}
{"model":"llama3.1:latest","created_at":"2026-04-01T18:20:26.747377885Z","message":{"role":"assistant","content":"name"},"done":false}
{"model":"llama3.1:latest","created_at":"2026-04-01T18:20:26.833881609Z","message":{"role":"assistant","content":"\":"},"done":false}
{"model":"llama3.1:latest","created_at":"2026-04-01T18:20:26.920281369Z","message":{"role":"assistant","content":" \""},"done":false}
{"model":"llama3.1:latest","created_at":"2026-04-01T18:20:27.005906781Z","message":{"role":"assistant","content":"G"},"done":false}
{"model":"llama3.1:latest","created_at":"2026-04-01T18:20:27.093547655Z","message":{"role":"assistant","content":"estion"},"done":false}
{"model":"llama3.1:latest","created_at":"2026-04-01T18:20:27.179906293Z","message":{"role":"assistant","content":"ar"},"done":false}
{"model":"llama3.1:latest","created_at":"2026-04-01T18:20:27.267674093Z","message":{"role":"assistant","content":" las"},"done":false}
{"model":"llama3.1:latest","created_at":"2026-04-01T18:20:27.356810095Z","message":{"role":"assistant","content":" t"},"done":false}
{"model":"llama3.1:latest","created_at":"2026-04-01T18:20:27.445810915Z","message":{"role":"assistant","content":"areas"},"done":false}
{"model":"llama3.1:latest","created_at":"2026-04-01T18:20:27.533037819Z","message":{"role":"assistant","content":" de"},"done":false}
{"model":"llama3.1:latest","created_at":"2026-04-01T18:20:27.619418477Z","message":{"role":"assistant","content":" esta"},"done":false}
{"model":"llama3.1:latest","created_at":"2026-04-01T18:20:27.705708316Z","message":{"role":"assistant","content":" de"},"done":false}
{"model":"llama3.1:latest","created_at":"2026-04-01T18:20:27.792094334Z","message":{"role":"assistant","content":" mi"},"done":false}
{"model":"llama3.1:latest","created_at":"2026-04-01T18:20:27.878825036Z","message":{"role":"assistant","content":" y"},"done":false}
{"model":"llama3.1:latest","created_at":"2026-04-01T18:20:27.967088915Z","message":{"role":"assistant","content":" mis"},"done":false}
{"model":"llama3.1:latest","created_at":"2026-04-01T18:20:28.054838509Z","message":{"role":"assistant","content":" compañ"},"done":false}
{"model":"llama3.1:latest","created_at":"2026-04-01T18:20:28.141609662Z","message":{"role":"assistant","content":"eros"},"done":false}
{"model":"llama3.1:latest","created_at":"2026-04-01T18:20:28.228839753Z","message":{"role":"assistant","content":"\",\n"},"done":false}
{"model":"llama3.1:latest","created_at":"2026-04-01T18:20:28.315336883Z","message":{"role":"assistant","content":"                 "},"done":false}
{"model":"llama3.1:latest","created_at":"2026-04-01T18:20:28.404524008Z","message":{"role":"assistant","content":" \""},"done":false}
{"model":"llama3.1:latest","created_at":"2026-04-01T18:20:28.491348658Z","message":{"role":"assistant","content":"description"},"done":false}
{"model":"llama3.1:latest","created_at":"2026-04-01T18:20:28.576535908Z","message":{"role":"assistant","content":"\":"},"done":false}
{"model":"llama3.1:latest","created_at":"2026-04-01T18:20:28.663978544Z","message":{"role":"assistant","content":" \"\"\n"},"done":false}
{"model":"llama3.1:latest","created_at":"2026-04-01T18:20:28.751486302Z","message":{"role":"assistant","content":"               "},"done":false}
{"model":"llama3.1:latest","created_at":"2026-04-01T18:20:28.837755136Z","message":{"role":"assistant","content":" },\n"},"done":false}
{"model":"llama3.1:latest","created_at":"2026-04-01T18:20:28.925674939Z","message":{"role":"assistant","content":"               "},"done":false}
{"model":"llama3.1:latest","created_at":"2026-04-01T18:20:29.012627266Z","message":{"role":"assistant","content":" {\n"},"done":false}
{"model":"llama3.1:latest","created_at":"2026-04-01T18:20:29.099471955Z","message":{"role":"assistant","content":"                 "},"done":false}
{"model":"llama3.1:latest","created_at":"2026-04-01T18:20:29.18732697Z","message":{"role":"assistant","content":" \""},"done":false}
{"model":"llama3.1:latest","created_at":"2026-04-01T18:20:29.27522189Z","message":{"role":"assistant","content":"name"},"done":false}
{"model":"llama3.1:latest","created_at":"2026-04-01T18:20:29.362683703Z","message":{"role":"assistant","content":"\":"},"done":false}
{"model":"llama3.1:latest","created_at":"2026-04-01T18:20:29.450614796Z","message":{"role":"assistant","content":" \""},"done":false}
{"model":"llama3.1:latest","created_at":"2026-04-01T18:20:29.539337998Z","message":{"role":"assistant","content":"E"},"done":false}
{"model":"llama3.1:latest","created_at":"2026-04-01T18:20:29.626957456Z","message":{"role":"assistant","content":"scri"},"done":false}
{"model":"llama3.1:latest","created_at":"2026-04-01T18:20:29.714781367Z","message":{"role":"assistant","content":"bir"},"done":false}
{"model":"llama3.1:latest","created_at":"2026-04-01T18:20:29.802620089Z","message":{"role":"assistant","content":" document"},"done":false}
{"model":"llama3.1:latest","created_at":"2026-04-01T18:20:29.890439241Z","message":{"role":"assistant","content":"ación"},"done":false}
{"model":"llama3.1:latest","created_at":"2026-04-01T18:20:29.97913654Z","message":{"role":"assistant","content":"\",\n"},"done":false}
{"model":"llama3.1:latest","created_at":"2026-04-01T18:20:30.06576683Z","message":{"role":"assistant","content":"                 "},"done":false}
{"model":"llama3.1:latest","created_at":"2026-04-01T18:20:30.150866643Z","message":{"role":"assistant","content":" \""},"done":false}
{"model":"llama3.1:latest","created_at":"2026-04-01T18:20:30.238042384Z","message":{"role":"assistant","content":"description"},"done":false}
{"model":"llama3.1:latest","created_at":"2026-04-01T18:20:30.32450405Z","message":{"role":"assistant","content":"\":"},"done":false}
{"model":"llama3.1:latest","created_at":"2026-04-01T18:20:30.410882713Z","message":{"role":"assistant","content":" \"\"\n"},"done":false}
{"model":"llama3.1:latest","created_at":"2026-04-01T18:20:30.499266383Z","message":{"role":"assistant","content":"               "},"done":false}
{"model":"llama3.1:latest","created_at":"2026-04-01T18:20:30.58781967Z","message":{"role":"assistant","content":" },\n"},"done":false}
{"model":"llama3.1:latest","created_at":"2026-04-01T18:20:30.673166659Z","message":{"role":"assistant","content":"               "},"done":false}
{"model":"llama3.1:latest","created_at":"2026-04-01T18:20:30.760541324Z","message":{"role":"assistant","content":" {\n"},"done":false}
{"model":"llama3.1:latest","created_at":"2026-04-01T18:20:30.847900633Z","message":{"role":"assistant","content":"                 "},"done":false}
{"model":"llama3.1:latest","created_at":"2026-04-01T18:20:30.93457652Z","message":{"role":"assistant","content":" \""},"done":false}
{"model":"llama3.1:latest","created_at":"2026-04-01T18:20:31.020897446Z","message":{"role":"assistant","content":"name"},"done":false}
{"model":"llama3.1:latest","created_at":"2026-04-01T18:20:31.108619689Z","message":{"role":"assistant","content":"\":"},"done":false}
{"model":"llama3.1:latest","created_at":"2026-04-01T18:20:31.196787841Z","message":{"role":"assistant","content":" \""},"done":false}
{"model":"llama3.1:latest","created_at":"2026-04-01T18:20:31.285443897Z","message":{"role":"assistant","content":"M"},"done":false}
{"model":"llama3.1:latest","created_at":"2026-04-01T18:20:31.373236004Z","message":{"role":"assistant","content":"ent"},"done":false}
{"model":"llama3.1:latest","created_at":"2026-04-01T18:20:31.461199629Z","message":{"role":"assistant","content":"or"},"done":false}
{"model":"llama3.1:latest","created_at":"2026-04-01T18:20:31.550243785Z","message":{"role":"assistant","content":"izar"},"done":false}
{"model":"llama3.1:latest","created_at":"2026-04-01T18:20:31.640427356Z","message":{"role":"assistant","content":"\",\n"},"done":false}
{"model":"llama3.1:latest","created_at":"2026-04-01T18:20:31.728416023Z","message":{"role":"assistant","content":"                 "},"done":false}
{"model":"llama3.1:latest","created_at":"2026-04-01T18:20:31.816975722Z","message":{"role":"assistant","content":" \""},"done":false}
{"model":"llama3.1:latest","created_at":"2026-04-01T18:20:31.904973823Z","message":{"role":"assistant","content":"description"},"done":false}
{"model":"llama3.1:latest","created_at":"2026-04-01T18:20:31.992682185Z","message":{"role":"assistant","content":"\":"},"done":false}
{"model":"llama3.1:latest","created_at":"2026-04-01T18:20:32.08050369Z","message":{"role":"assistant","content":" \"\"\n"},"done":false}
{"model":"llama3.1:latest","created_at":"2026-04-01T18:20:32.167189061Z","message":{"role":"assistant","content":"               "},"done":false}
{"model":"llama3.1:latest","created_at":"2026-04-01T18:20:32.253998894Z","message":{"role":"assistant","content":" }\n"},"done":false}
{"model":"llama3.1:latest","created_at":"2026-04-01T18:20:32.340603885Z","message":{"role":"assistant","content":"             "},"done":false}
{"model":"llama3.1:latest","created_at":"2026-04-01T18:20:32.428295805Z","message":{"role":"assistant","content":" ]\n"},"done":false}
{"model":"llama3.1:latest","created_at":"2026-04-01T18:20:32.515586597Z","message":{"role":"assistant","content":"         "},"done":false}
{"model":"llama3.1:latest","created_at":"2026-04-01T18:20:32.605800401Z","message":{"role":"assistant","content":" },\n"},"done":false}
{"model":"llama3.1:latest","created_at":"2026-04-01T18:20:32.694795936Z","message":{"role":"assistant","content":"         "},"done":false}
{"model":"llama3.1:latest","created_at":"2026-04-01T18:20:32.782100602Z","message":{"role":"assistant","content":" {\n"},"done":false}
{"model":"llama3.1:latest","created_at":"2026-04-01T18:20:32.867552527Z","message":{"role":"assistant","content":"           "},"done":false}
{"model":"llama3.1:latest","created_at":"2026-04-01T18:20:32.955699787Z","message":{"role":"assistant","content":" \""},"done":false}
{"model":"llama3.1:latest","created_at":"2026-04-01T18:20:33.043962018Z","message":{"role":"assistant","content":"title"},"done":false}
{"model":"llama3.1:latest","created_at":"2026-04-01T18:20:33.131754238Z","message":{"role":"assistant","content":"\":"},"done":false}
{"model":"llama3.1:latest","created_at":"2026-04-01T18:20:33.22019039Z","message":{"role":"assistant","content":" \""},"done":false}
{"model":"llama3.1:latest","created_at":"2026-04-01T18:20:33.307043955Z","message":{"role":"assistant","content":"Des"},"done":false}
{"model":"llama3.1:latest","created_at":"2026-04-01T18:20:33.395636538Z","message":{"role":"assistant","content":"ar"},"done":false}
{"model":"llama3.1:latest","created_at":"2026-04-01T18:20:33.483820388Z","message":{"role":"assistant","content":"roll"},"done":false}
{"model":"llama3.1:latest","created_at":"2026-04-01T18:20:33.570644509Z","message":{"role":"assistant","content":"ador"},"done":false}
{"model":"llama3.1:latest","created_at":"2026-04-01T18:20:33.660888453Z","message":{"role":"assistant","content":" Full"},"done":false}
{"model":"llama3.1:latest","created_at":"2026-04-01T18:20:33.752271245Z","message":{"role":"assistant","content":" Stack"},"done":false}
{"model":"llama3.1:latest","created_at":"2026-04-01T18:20:33.839824983Z","message":{"role":"assistant","content":"\",\n"},"done":false}
{"model":"llama3.1:latest","created_at":"2026-04-01T18:20:33.928002572Z","message":{"role":"assistant","content":"           "},"done":false}
{"model":"llama3.1:latest","created_at":"2026-04-01T18:20:34.014654283Z","message":{"role":"assistant","content":" \""},"done":false}
{"model":"llama3.1:latest","created_at":"2026-04-01T18:20:34.10328453Z","message":{"role":"assistant","content":"company"},"done":false}
{"model":"llama3.1:latest","created_at":"2026-04-01T18:20:34.190431695Z","message":{"role":"assistant","content":"\":"},"done":false}
{"model":"llama3.1:latest","created_at":"2026-04-01T18:20:34.277921207Z","message":{"role":"assistant","content":" \""},"done":false}
{"model":"llama3.1:latest","created_at":"2026-04-01T18:20:34.365257183Z","message":{"role":"assistant","content":"Lib"},"done":false}
{"model":"llama3.1:latest","created_at":"2026-04-01T18:20:34.451649923Z","message":{"role":"assistant","content":"nova"},"done":false}
{"model":"llama3.1:latest","created_at":"2026-04-01T18:20:34.538948027Z","message":{"role":"assistant","content":"\",\n"},"done":false}
{"model":"llama3.1:latest","created_at":"2026-04-01T18:20:34.627536913Z","message":{"role":"assistant","content":"           "},"done":false}
{"model":"llama3.1:latest","created_at":"2026-04-01T18:20:34.716677744Z","message":{"role":"assistant","content":" \""},"done":false}
{"model":"llama3.1:latest","created_at":"2026-04-01T18:20:34.807568477Z","message":{"role":"assistant","content":"location"},"done":false}
{"model":"llama3.1:latest","created_at":"2026-04-01T18:20:34.896294339Z","message":{"role":"assistant","content":"\":"},"done":false}
{"model":"llama3.1:latest","created_at":"2026-04-01T18:20:34.984607112Z","message":{"role":"assistant","content":" \""},"done":false}
{"model":"llama3.1:latest","created_at":"2026-04-01T18:20:35.073331236Z","message":{"role":"assistant","content":"Esp"},"done":false}
{"model":"llama3.1:latest","created_at":"2026-04-01T18:20:35.161538983Z","message":{"role":"assistant","content":"aña"},"done":false}
{"model":"llama3.1:latest","created_at":"2026-04-01T18:20:35.250251223Z","message":{"role":"assistant","content":"\",\n"},"done":false}
{"model":"llama3.1:latest","created_at":"2026-04-01T18:20:35.338539604Z","message":{"role":"assistant","content":"           "},"done":false}
{"model":"llama3.1:latest","created_at":"2026-04-01T18:20:35.427151972Z","message":{"role":"assistant","content":" \""},"done":false}
{"model":"llama3.1:latest","created_at":"2026-04-01T18:20:35.514062255Z","message":{"role":"assistant","content":"dates"},"done":false}
{"model":"llama3.1:latest","created_at":"2026-04-01T18:20:35.602464093Z","message":{"role":"assistant","content":"\":"},"done":false}
{"model":"llama3.1:latest","created_at":"2026-04-01T18:20:35.689028447Z","message":{"role":"assistant","content":" \""},"done":false}
{"model":"llama3.1:latest","created_at":"2026-04-01T18:20:35.779061925Z","message":{"role":"assistant","content":"Sept"},"done":false}
{"model":"llama3.1:latest","created_at":"2026-04-01T18:20:35.869094178Z","message":{"role":"assistant","content":"iembre"},"done":false}
{"model":"llama3.1:latest","created_at":"2026-04-01T18:20:35.957714419Z","message":{"role":"assistant","content":" "},"done":false}
{"model":"llama3.1:latest","created_at":"2026-04-01T18:20:36.044507433Z","message":{"role":"assistant","content":"202"},"done":false}
{"model":"llama3.1:latest","created_at":"2026-04-01T18:20:36.132592137Z","message":{"role":"assistant","content":"3"},"done":false}
{"model":"llama3.1:latest","created_at":"2026-04-01T18:20:36.220736164Z","message":{"role":"assistant","content":" -"},"done":false}
{"model":"llama3.1:latest","created_at":"2026-04-01T18:20:36.309290595Z","message":{"role":"assistant","content":" Jun"},"done":false}
{"model":"llama3.1:latest","created_at":"2026-04-01T18:20:36.398033378Z","message":{"role":"assistant","content":"io"},"done":false}
{"model":"llama3.1:latest","created_at":"2026-04-01T18:20:36.485001321Z","message":{"role":"assistant","content":" "},"done":false}
{"model":"llama3.1:latest","created_at":"2026-04-01T18:20:36.573762072Z","message":{"role":"assistant","content":"202"},"done":false}
{"model":"llama3.1:latest","created_at":"2026-04-01T18:20:36.661031936Z","message":{"role":"assistant","content":"4"},"done":false}
{"model":"llama3.1:latest","created_at":"2026-04-01T18:20:36.749573698Z","message":{"role":"assistant","content":"\",\n"},"done":false}
{"model":"llama3.1:latest","created_at":"2026-04-01T18:20:36.839550283Z","message":{"role":"assistant","content":"           "},"done":false}
{"model":"llama3.1:latest","created_at":"2026-04-01T18:20:36.930073997Z","message":{"role":"assistant","content":" \""},"done":false}
{"model":"llama3.1:latest","created_at":"2026-04-01T18:20:37.018308595Z","message":{"role":"assistant","content":"description"},"done":false}
{"model":"llama3.1:latest","created_at":"2026-04-01T18:20:37.106730326Z","message":{"role":"assistant","content":"\":\n"},"done":false}
{"model":"llama3.1:latest","created_at":"2026-04-01T18:20:37.192864771Z","message":{"role":"assistant","content":"             "},"done":false}
{"model":"llama3.1:latest","created_at":"2026-04-01T18:20:37.281700404Z","message":{"role":"assistant","content":" \""},"done":false}
{"model":"llama3.1:latest","created_at":"2026-04-01T18:20:37.369048875Z","message":{"role":"assistant","content":"Se"},"done":false}
{"model":"llama3.1:latest","created_at":"2026-04-01T18:20:37.457769344Z","message":{"role":"assistant","content":" especial"},"done":false}
{"model":"llama3.1:latest","created_at":"2026-04-01T18:20:37.545146877Z","message":{"role":"assistant","content":"iza"},"done":false}
{"model":"llama3.1:latest","created_at":"2026-04-01T18:20:37.632887879Z","message":{"role":"assistant","content":" en"},"done":false}
{"model":"llama3.1:latest","created_at":"2026-04-01T18:20:37.720024334Z","message":{"role":"assistant","content":" el"},"done":false}
{"model":"llama3.1:latest","created_at":"2026-04-01T18:20:37.808053418Z","message":{"role":"assistant","content":" desarrollo"},"done":false}
{"model":"llama3.1:latest","created_at":"2026-04-01T18:20:37.89539787Z","message":{"role":"assistant","content":" de"},"done":false}
{"model":"llama3.1:latest","created_at":"2026-04-01T18:20:37.98568634Z","message":{"role":"assistant","content":" sol"},"done":false}
{"model":"llama3.1:latest","created_at":"2026-04-01T18:20:38.073522363Z","message":{"role":"assistant","content":"uciones"},"done":false}
{"model":"llama3.1:latest","created_at":"2026-04-01T18:20:38.162405142Z","message":{"role":"assistant","content":" tecn"},"done":false}
{"model":"llama3.1:latest","created_at":"2026-04-01T18:20:38.250570969Z","message":{"role":"assistant","content":"ológ"},"done":false}
{"model":"llama3.1:latest","created_at":"2026-04-01T18:20:38.338810286Z","message":{"role":"assistant","content":"icas"},"done":false}
{"model":"llama3.1:latest","created_at":"2026-04-01T18:20:38.425756668Z","message":{"role":"assistant","content":" para"},"done":false}
{"model":"llama3.1:latest","created_at":"2026-04-01T18:20:38.514037975Z","message":{"role":"assistant","content":" la"},"done":false}
{"model":"llama3.1:latest","created_at":"2026-04-01T18:20:38.602662413Z","message":{"role":"assistant","content":" gest"},"done":false}
{"model":"llama3.1:latest","created_at":"2026-04-01T18:20:38.691574426Z","message":{"role":"assistant","content":"ión"},"done":false}
{"model":"llama3.1:latest","created_at":"2026-04-01T18:20:38.78082369Z","message":{"role":"assistant","content":" de"},"done":false}
{"model":"llama3.1:latest","created_at":"2026-04-01T18:20:38.867767075Z","message":{"role":"assistant","content":" la"},"done":false}
{"model":"llama3.1:latest","created_at":"2026-04-01T18:20:38.957312976Z","message":{"role":"assistant","content":" información"},"done":false}
{"model":"llama3.1:latest","created_at":"2026-04-01T18:20:39.047139569Z","message":{"role":"assistant","content":" y"},"done":false}
{"model":"llama3.1:latest","created_at":"2026-04-01T18:20:39.135057678Z","message":{"role":"assistant","content":" la"},"done":false}
{"model":"llama3.1:latest","created_at":"2026-04-01T18:20:39.223367828Z","message":{"role":"assistant","content":" document"},"done":false}
{"model":"llama3.1:latest","created_at":"2026-04-01T18:20:39.310335634Z","message":{"role":"assistant","content":"ación"},"done":false}
{"model":"llama3.1:latest","created_at":"2026-04-01T18:20:39.396506828Z","message":{"role":"assistant","content":".\",\n"},"done":false}
{"model":"llama3.1:latest","created_at":"2026-04-01T18:20:39.484345215Z","message":{"role":"assistant","content":"           "},"done":false}
{"model":"llama3.1:latest","created_at":"2026-04-01T18:20:39.571583716Z","message":{"role":"assistant","content":" \""},"done":false}
{"model":"llama3.1:latest","created_at":"2026-04-01T18:20:39.65872708Z","message":{"role":"assistant","content":"techn"},"done":false}
{"model":"llama3.1:latest","created_at":"2026-04-01T18:20:39.747592612Z","message":{"role":"assistant","content":"ologies"},"done":false}
{"model":"llama3.1:latest","created_at":"2026-04-01T18:20:39.835679073Z","message":{"role":"assistant","content":"\":\n"},"done":false}
{"model":"llama3.1:latest","created_at":"2026-04-01T18:20:39.923276544Z","message":{"role":"assistant","content":"             "},"done":false}
{"model":"llama3.1:latest","created_at":"2026-04-01T18:20:40.012886901Z","message":{"role":"assistant","content":" [\n"},"done":false}
{"model":"llama3.1:latest","created_at":"2026-04-01T18:20:40.104113346Z","message":{"role":"assistant","content":"               "},"done":false}
{"model":"llama3.1:latest","created_at":"2026-04-01T18:20:40.192574867Z","message":{"role":"assistant","content":" {\""},"done":false}
{"model":"llama3.1:latest","created_at":"2026-04-01T18:20:40.281034935Z","message":{"role":"assistant","content":"name"},"done":false}
{"model":"llama3.1:latest","created_at":"2026-04-01T18:20:40.369784564Z","message":{"role":"assistant","content":"\":"},"done":false}
{"model":"llama3.1:latest","created_at":"2026-04-01T18:20:40.458521429Z","message":{"role":"assistant","content":" \""},"done":false}
{"model":"llama3.1:latest","created_at":"2026-04-01T18:20:40.546300051Z","message":{"role":"assistant","content":"PHP"},"done":false}
{"model":"llama3.1:latest","created_at":"2026-04-01T18:20:40.634875656Z","message":{"role":"assistant","content":"\","},"done":false}
{"model":"llama3.1:latest","created_at":"2026-04-01T18:20:40.722411069Z","message":{"role":"assistant","content":" \""},"done":false}
{"model":"llama3.1:latest","created_at":"2026-04-01T18:20:40.811193989Z","message":{"role":"assistant","content":"version"},"done":false}
{"model":"llama3.1:latest","created_at":"2026-04-01T18:20:40.898458213Z","message":{"role":"assistant","content":"\":"},"done":false}
{"model":"llama3.1:latest","created_at":"2026-04-01T18:20:40.985708836Z","message":{"role":"assistant","content":" \""},"done":false}
{"model":"llama3.1:latest","created_at":"2026-04-01T18:20:41.075930254Z","message":{"role":"assistant","content":"7"},"done":false}
{"model":"llama3.1:latest","created_at":"2026-04-01T18:20:41.167856102Z","message":{"role":"assistant","content":","},"done":false}
{"model":"llama3.1:latest","created_at":"2026-04-01T18:20:41.254873629Z","message":{"role":"assistant","content":"8"},"done":false}
{"model":"llama3.1:latest","created_at":"2026-04-01T18:20:41.343887156Z","message":{"role":"assistant","content":"\"},\n"},"done":false}
{"model":"llama3.1:latest","created_at":"2026-04-01T18:20:41.431165078Z","message":{"role":"assistant","content":"               "},"done":false}
{"model":"llama3.1:latest","created_at":"2026-04-01T18:20:41.520181061Z","message":{"role":"assistant","content":" {\""},"done":false}
{"model":"llama3.1:latest","created_at":"2026-04-01T18:20:41.608660998Z","message":{"role":"assistant","content":"name"},"done":false}
{"model":"llama3.1:latest","created_at":"2026-04-01T18:20:41.697515189Z","message":{"role":"assistant","content":"\":"},"done":false}
{"model":"llama3.1:latest","created_at":"2026-04-01T18:20:41.785730412Z","message":{"role":"assistant","content":" \""},"done":false}
{"model":"llama3.1:latest","created_at":"2026-04-01T18:20:41.874017169Z","message":{"role":"assistant","content":"M"},"done":false}
{"model":"llama3.1:latest","created_at":"2026-04-01T18:20:41.962918416Z","message":{"role":"assistant","content":"ysql"},"done":false}
{"model":"llama3.1:latest","created_at":"2026-04-01T18:20:42.050313119Z","message":{"role":"assistant","content":"\","},"done":false}
{"model":"llama3.1:latest","created_at":"2026-04-01T18:20:42.139310071Z","message":{"role":"assistant","content":" \""},"done":false}
{"model":"llama3.1:latest","created_at":"2026-04-01T18:20:42.231327207Z","message":{"role":"assistant","content":"version"},"done":false}
{"model":"llama3.1:latest","created_at":"2026-04-01T18:20:42.319740377Z","message":{"role":"assistant","content":"\":"},"done":false}
{"model":"llama3.1:latest","created_at":"2026-04-01T18:20:42.40726941Z","message":{"role":"assistant","content":" \""},"done":false}
{"model":"llama3.1:latest","created_at":"2026-04-01T18:20:42.495667421Z","message":{"role":"assistant","content":"5"},"done":false}
{"model":"llama3.1:latest","created_at":"2026-04-01T18:20:42.582973371Z","message":{"role":"assistant","content":"\"},\n"},"done":false}
{"model":"llama3.1:latest","created_at":"2026-04-01T18:20:42.671438152Z","message":{"role":"assistant","content":"               "},"done":false}
{"model":"llama3.1:latest","created_at":"2026-04-01T18:20:42.759070679Z","message":{"role":"assistant","content":" {\""},"done":false}
{"model":"llama3.1:latest","created_at":"2026-04-01T18:20:42.848111864Z","message":{"role":"assistant","content":"name"},"done":false}
{"model":"llama3.1:latest","created_at":"2026-04-01T18:20:42.936860364Z","message":{"role":"assistant","content":"\":"},"done":false}
{"model":"llama3.1:latest","created_at":"2026-04-01T18:20:43.025186827Z","message":{"role":"assistant","content":" \""},"done":false}
{"model":"llama3.1:latest","created_at":"2026-04-01T18:20:43.114483597Z","message":{"role":"assistant","content":"Ph"},"done":false}
{"model":"llama3.1:latest","created_at":"2026-04-01T18:20:43.203890973Z","message":{"role":"assistant","content":"alcon"},"done":false}
{"model":"llama3.1:latest","created_at":"2026-04-01T18:20:43.294781952Z","message":{"role":"assistant","content":"\","},"done":false}
{"model":"llama3.1:latest","created_at":"2026-04-01T18:20:43.383104784Z","message":{"role":"assistant","content":" \"\"},\n"},"done":false}
{"model":"llama3.1:latest","created_at":"2026-04-01T18:20:43.470246372Z","message":{"role":"assistant","content":"               "},"done":false}
{"model":"llama3.1:latest","created_at":"2026-04-01T18:20:43.556753413Z","message":{"role":"assistant","content":" {\""},"done":false}
{"model":"llama3.1:latest","created_at":"2026-04-01T18:20:43.643936695Z","message":{"role":"assistant","content":"name"},"done":false}
{"model":"llama3.1:latest","created_at":"2026-04-01T18:20:43.731690942Z","message":{"role":"assistant","content":"\":"},"done":false}
{"model":"llama3.1:latest","created_at":"2026-04-01T18:20:43.820833348Z","message":{"role":"assistant","content":" \""},"done":false}
{"model":"llama3.1:latest","created_at":"2026-04-01T18:20:43.908078056Z","message":{"role":"assistant","content":"Code"},"done":false}
{"model":"llama3.1:latest","created_at":"2026-04-01T18:20:43.995636871Z","message":{"role":"assistant","content":" Ign"},"done":false}
{"model":"llama3.1:latest","created_at":"2026-04-01T18:20:44.084413792Z","message":{"role":"assistant","content":"iter"},"done":false}
{"model":"llama3.1:latest","created_at":"2026-04-01T18:20:44.171241852Z","message":{"role":"assistant","content":" "},"done":false}
{"model":"llama3.1:latest","created_at":"2026-04-01T18:20:44.259404853Z","message":{"role":"assistant","content":"3"},"done":false}
{"model":"llama3.1:latest","created_at":"2026-04-01T18:20:44.350660451Z","message":{"role":"assistant","content":","},"done":false}
{"model":"llama3.1:latest","created_at":"2026-04-01T18:20:44.437681668Z","message":{"role":"assistant","content":"4"},"done":false}
{"model":"llama3.1:latest","created_at":"2026-04-01T18:20:44.524861197Z","message":{"role":"assistant","content":"\","},"done":false}
{"model":"llama3.1:latest","created_at":"2026-04-01T18:20:44.61420769Z","message":{"role":"assistant","content":" \"\"},\n"},"done":false}
{"model":"llama3.1:latest","created_at":"2026-04-01T18:20:44.703073261Z","message":{"role":"assistant","content":"               "},"done":false}
{"model":"llama3.1:latest","created_at":"2026-04-01T18:20:44.79186564Z","message":{"role":"assistant","content":" {\""},"done":false}
{"model":"llama3.1:latest","created_at":"2026-04-01T18:20:44.880931562Z","message":{"role":"assistant","content":"name"},"done":false}
{"model":"llama3.1:latest","created_at":"2026-04-01T18:20:44.969896566Z","message":{"role":"assistant","content":"\":"},"done":false}
{"model":"llama3.1:latest","created_at":"2026-04-01T18:20:45.059269904Z","message":{"role":"assistant","content":" \""},"done":false}
{"model":"llama3.1:latest","created_at":"2026-04-01T18:20:45.148569884Z","message":{"role":"assistant","content":"E"},"done":false}
{"model":"llama3.1:latest","created_at":"2026-04-01T18:20:45.236525698Z","message":{"role":"assistant","content":"lastic"},"done":false}
{"model":"llama3.1:latest","created_at":"2026-04-01T18:20:45.326528548Z","message":{"role":"assistant","content":" search"},"done":false}
{"model":"llama3.1:latest","created_at":"2026-04-01T18:20:45.416643227Z","message":{"role":"assistant","content":"\","},"done":false}
{"model":"llama3.1:latest","created_at":"2026-04-01T18:20:45.505588973Z","message":{"role":"assistant","content":" \"\"},\n"},"done":false}
{"model":"llama3.1:latest","created_at":"2026-04-01T18:20:45.592161529Z","message":{"role":"assistant","content":"               "},"done":false}
{"model":"llama3.1:latest","created_at":"2026-04-01T18:20:45.680121802Z","message":{"role":"assistant","content":" {\""},"done":false}
{"model":"llama3.1:latest","created_at":"2026-04-01T18:20:45.768099939Z","message":{"role":"assistant","content":"name"},"done":false}
{"model":"llama3.1:latest","created_at":"2026-04-01T18:20:45.8575864Z","message":{"role":"assistant","content":"\":"},"done":false}
{"model":"llama3.1:latest","created_at":"2026-04-01T18:20:45.944143479Z","message":{"role":"assistant","content":" \"."},"done":false}
{"model":"llama3.1:latest","created_at":"2026-04-01T18:20:46.034002564Z","message":{"role":"assistant","content":"Net"},"done":false}
{"model":"llama3.1:latest","created_at":"2026-04-01T18:20:46.122450075Z","message":{"role":"assistant","content":" Core"},"done":false}
{"model":"llama3.1:latest","created_at":"2026-04-01T18:20:46.211777375Z","message":{"role":"assistant","content":" "},"done":false}
{"model":"llama3.1:latest","created_at":"2026-04-01T18:20:46.301123458Z","message":{"role":"assistant","content":"8"},"done":false}
{"model":"llama3.1:latest","created_at":"2026-04-01T18:20:46.391933726Z","message":{"role":"assistant","content":"\","},"done":false}
{"model":"llama3.1:latest","created_at":"2026-04-01T18:20:46.4836598Z","message":{"role":"assistant","content":" \"\"},\n"},"done":false}
{"model":"llama3.1:latest","created_at":"2026-04-01T18:20:46.57274726Z","message":{"role":"assistant","content":"               "},"done":false}
{"model":"llama3.1:latest","created_at":"2026-04-01T18:20:46.661350545Z","message":{"role":"assistant","content":" {\""},"done":false}
{"model":"llama3.1:latest","created_at":"2026-04-01T18:20:46.74775326Z","message":{"role":"assistant","content":"name"},"done":false}
{"model":"llama3.1:latest","created_at":"2026-04-01T18:20:46.836355175Z","message":{"role":"assistant","content":"\":"},"done":false}
{"model":"llama3.1:latest","created_at":"2026-04-01T18:20:46.922584292Z","message":{"role":"assistant","content":" \""},"done":false}
{"model":"llama3.1:latest","created_at":"2026-04-01T18:20:47.011306633Z","message":{"role":"assistant","content":"Vue"},"done":false}
{"model":"llama3.1:latest","created_at":"2026-04-01T18:20:47.099699191Z","message":{"role":"assistant","content":" "},"done":false}
{"model":"llama3.1:latest","created_at":"2026-04-01T18:20:47.187866361Z","message":{"role":"assistant","content":"3"},"done":false}
{"model":"llama3.1:latest","created_at":"2026-04-01T18:20:47.277210702Z","message":{"role":"assistant","content":"\","},"done":false}
{"model":"llama3.1:latest","created_at":"2026-04-01T18:20:47.365957457Z","message":{"role":"assistant","content":" \"\"},\n"},"done":false}
{"model":"llama3.1:latest","created_at":"2026-04-01T18:20:47.455003941Z","message":{"role":"assistant","content":"               "},"done":false}
{"model":"llama3.1:latest","created_at":"2026-04-01T18:20:47.546529403Z","message":{"role":"assistant","content":" {\""},"done":false}
{"model":"llama3.1:latest","created_at":"2026-04-01T18:20:47.634077591Z","message":{"role":"assistant","content":"name"},"done":false}
{"model":"llama3.1:latest","created_at":"2026-04-01T18:20:47.723511027Z","message":{"role":"assistant","content":"\":"},"done":false}
{"model":"llama3.1:latest","created_at":"2026-04-01T18:20:47.813033279Z","message":{"role":"assistant","content":" \""},"done":false}
{"model":"llama3.1:latest","created_at":"2026-04-01T18:20:47.902497031Z","message":{"role":"assistant","content":"D"},"done":false}
{"model":"llama3.1:latest","created_at":"2026-04-01T18:20:47.991468927Z","message":{"role":"assistant","content":"ocker"},"done":false}
{"model":"llama3.1:latest","created_at":"2026-04-01T18:20:48.081590606Z","message":{"role":"assistant","content":"\","},"done":false}
{"model":"llama3.1:latest","created_at":"2026-04-01T18:20:48.169040784Z","message":{"role":"assistant","content":" \"\"},\n"},"done":false}
{"model":"llama3.1:latest","created_at":"2026-04-01T18:20:48.256889759Z","message":{"role":"assistant","content":"               "},"done":false}
{"model":"llama3.1:latest","created_at":"2026-04-01T18:20:48.345488182Z","message":{"role":"assistant","content":" {\""},"done":false}
{"model":"llama3.1:latest","created_at":"2026-04-01T18:20:48.433057249Z","message":{"role":"assistant","content":"name"},"done":false}
{"model":"llama3.1:latest","created_at":"2026-04-01T18:20:48.522936796Z","message":{"role":"assistant","content":"\":"},"done":false}
{"model":"llama3.1:latest","created_at":"2026-04-01T18:20:48.612682717Z","message":{"role":"assistant","content":" \""},"done":false}
{"model":"llama3.1:latest","created_at":"2026-04-01T18:20:48.702494521Z","message":{"role":"assistant","content":"Html"},"done":false}
{"model":"llama3.1:latest","created_at":"2026-04-01T18:20:48.78959345Z","message":{"role":"assistant","content":"/C"},"done":false}
{"model":"llama3.1:latest","created_at":"2026-04-01T18:20:48.878459543Z","message":{"role":"assistant","content":"SS"},"done":false}
{"model":"llama3.1:latest","created_at":"2026-04-01T18:20:48.966251416Z","message":{"role":"assistant","content":"/"},"done":false}
{"model":"llama3.1:latest","created_at":"2026-04-01T18:20:49.053836579Z","message":{"role":"assistant","content":"JS"},"done":false}
{"model":"llama3.1:latest","created_at":"2026-04-01T18:20:49.143387167Z","message":{"role":"assistant","content":"\","},"done":false}
{"model":"llama3.1:latest","created_at":"2026-04-01T18:20:49.232242613Z","message":{"role":"assistant","content":" \"\"},\n"},"done":false}
{"model":"llama3.1:latest","created_at":"2026-04-01T18:20:49.321329819Z","message":{"role":"assistant","content":"               "},"done":false}
{"model":"llama3.1:latest","created_at":"2026-04-01T18:20:49.41011345Z","message":{"role":"assistant","content":" {\""},"done":false}
{"model":"llama3.1:latest","created_at":"2026-04-01T18:20:49.499811933Z","message":{"role":"assistant","content":"name"},"done":false}
{"model":"llama3.1:latest","created_at":"2026-04-01T18:20:49.590913376Z","message":{"role":"assistant","content":"\":"},"done":false}
{"model":"llama3.1:latest","created_at":"2026-04-01T18:20:49.681789832Z","message":{"role":"assistant","content":" \""},"done":false}
{"model":"llama3.1:latest","created_at":"2026-04-01T18:20:49.769983745Z","message":{"role":"assistant","content":"Bootstrap"},"done":false}
{"model":"llama3.1:latest","created_at":"2026-04-01T18:20:49.858598862Z","message":{"role":"assistant","content":"\","},"done":false}
{"model":"llama3.1:latest","created_at":"2026-04-01T18:20:49.946581629Z","message":{"role":"assistant","content":" \"\"}\n"},"done":false}
{"model":"llama3.1:latest","created_at":"2026-04-01T18:20:50.035328475Z","message":{"role":"assistant","content":"             "},"done":false}
{"model":"llama3.1:latest","created_at":"2026-04-01T18:20:50.12466027Z","message":{"role":"assistant","content":" ],\n"},"done":false}
{"model":"llama3.1:latest","created_at":"2026-04-01T18:20:50.213359094Z","message":{"role":"assistant","content":"           "},"done":false}
{"model":"llama3.1:latest","created_at":"2026-04-01T18:20:50.301552237Z","message":{"role":"assistant","content":" \""},"done":false}
{"model":"llama3.1:latest","created_at":"2026-04-01T18:20:50.390514986Z","message":{"role":"assistant","content":"tasks"},"done":false}
{"model":"llama3.1:latest","created_at":"2026-04-01T18:20:50.479463979Z","message":{"role":"assistant","content":"\":\n"},"done":false}
{"model":"llama3.1:latest","created_at":"2026-04-01T18:20:50.56909703Z","message":{"role":"assistant","content":"             "},"done":false}
{"model":"llama3.1:latest","created_at":"2026-04-01T18:20:50.660419889Z","message":{"role":"assistant","content":" [\n"},"done":false}
{"model":"llama3.1:latest","created_at":"2026-04-01T18:20:50.749767309Z","message":{"role":"assistant","content":"               "},"done":false}
{"model":"llama3.1:latest","created_at":"2026-04-01T18:20:50.838701297Z","message":{"role":"assistant","content":" {\n"},"done":false}
{"model":"llama3.1:latest","created_at":"2026-04-01T18:20:50.928415982Z","message":{"role":"assistant","content":"                 "},"done":false}
{"model":"llama3.1:latest","created_at":"2026-04-01T18:20:51.018445031Z","message":{"role":"assistant","content":" \""},"done":false}
{"model":"llama3.1:latest","created_at":"2026-04-01T18:20:51.104675641Z","message":{"role":"assistant","content":"name"},"done":false}
{"model":"llama3.1:latest","created_at":"2026-04-01T18:20:51.194162829Z","message":{"role":"assistant","content":"\":"},"done":false}
{"model":"llama3.1:latest","created_at":"2026-04-01T18:20:51.282690521Z","message":{"role":"assistant","content":" \""},"done":false}
{"model":"llama3.1:latest","created_at":"2026-04-01T18:20:51.371795812Z","message":{"role":"assistant","content":"Cor"},"done":false}
{"model":"llama3.1:latest","created_at":"2026-04-01T18:20:51.459598884Z","message":{"role":"assistant","content":"re"},"done":false}
{"model":"llama3.1:latest","created_at":"2026-04-01T18:20:51.548468234Z","message":{"role":"assistant","content":"cciones"},"done":false}
{"model":"llama3.1:latest","created_at":"2026-04-01T18:20:51.637579687Z","message":{"role":"assistant","content":" al"},"done":false}
{"model":"llama3.1:latest","created_at":"2026-04-01T18:20:51.729195663Z","message":{"role":"assistant","content":" código"},"done":false}
{"model":"llama3.1:latest","created_at":"2026-04-01T18:20:51.818462193Z","message":{"role":"assistant","content":" base"},"done":false}
{"model":"llama3.1:latest","created_at":"2026-04-01T18:20:51.907761132Z","message":{"role":"assistant","content":" antig"},"done":false}
{"model":"llama3.1:latest","created_at":"2026-04-01T18:20:51.997360672Z","message":{"role":"assistant","content":"uo"},"done":false}
{"model":"llama3.1:latest","created_at":"2026-04-01T18:20:52.08700447Z","message":{"role":"assistant","content":"\",\n"},"done":false}
{"model":"llama3.1:latest","created_at":"2026-04-01T18:20:52.1767441Z","message":{"role":"assistant","content":"                 "},"done":false}
{"model":"llama3.1:latest","created_at":"2026-04-01T18:20:52.266416082Z","message":{"role":"assistant","content":" \""},"done":false}
{"model":"llama3.1:latest","created_at":"2026-04-01T18:20:52.354233111Z","message":{"role":"assistant","content":"description"},"done":false}
{"model":"llama3.1:latest","created_at":"2026-04-01T18:20:52.443368167Z","message":{"role":"assistant","content":"\":"},"done":false}
{"model":"llama3.1:latest","created_at":"2026-04-01T18:20:52.527779723Z","message":{"role":"assistant","content":" \"\"\n"},"done":false}
{"model":"llama3.1:latest","created_at":"2026-04-01T18:20:52.61573361Z","message":{"role":"assistant","content":"               "},"done":false}
{"model":"llama3.1:latest","created_at":"2026-04-01T18:20:52.704187116Z","message":{"role":"assistant","content":" },\n"},"done":false}
{"model":"llama3.1:latest","created_at":"2026-04-01T18:20:52.794764504Z","message":{"role":"assistant","content":"               "},"done":false}
{"model":"llama3.1:latest","created_at":"2026-04-01T18:20:52.884091971Z","message":{"role":"assistant","content":" {\n"},"done":false}
{"model":"llama3.1:latest","created_at":"2026-04-01T18:20:52.972254826Z","message":{"role":"assistant","content":"                 "},"done":false}
{"model":"llama3.1:latest","created_at":"2026-04-01T18:20:53.061636058Z","message":{"role":"assistant","content":" \""},"done":false}
{"model":"llama3.1:latest","created_at":"2026-04-01T18:20:53.150889098Z","message":{"role":"assistant","content":"name"},"done":false}
{"model":"llama3.1:latest","created_at":"2026-04-01T18:20:53.24047145Z","message":{"role":"assistant","content":"\":"},"done":false}
{"model":"llama3.1:latest","created_at":"2026-04-01T18:20:53.329672501Z","message":{"role":"assistant","content":" \""},"done":false}
{"model":"llama3.1:latest","created_at":"2026-04-01T18:20:53.418872822Z","message":{"role":"assistant","content":"Crear"},"done":false}
{"model":"llama3.1:latest","created_at":"2026-04-01T18:20:53.508240591Z","message":{"role":"assistant","content":" un"},"done":false}
{"model":"llama3.1:latest","created_at":"2026-04-01T18:20:53.597863445Z","message":{"role":"assistant","content":" servicio"},"done":false}
{"model":"llama3.1:latest","created_at":"2026-04-01T18:20:53.688700139Z","message":{"role":"assistant","content":" de"},"done":false}
{"model":"llama3.1:latest","created_at":"2026-04-01T18:20:53.778688843Z","message":{"role":"assistant","content":" index"},"done":false}
{"model":"llama3.1:latest","created_at":"2026-04-01T18:20:53.870439777Z","message":{"role":"assistant","content":"ación"},"done":false}
{"model":"llama3.1:latest","created_at":"2026-04-01T18:20:53.958665077Z","message":{"role":"assistant","content":" de"},"done":false}
{"model":"llama3.1:latest","created_at":"2026-04-01T18:20:54.04766447Z","message":{"role":"assistant","content":" archivos"},"done":false}
{"model":"llama3.1:latest","created_at":"2026-04-01T18:20:54.135995452Z","message":{"role":"assistant","content":"\",\n"},"done":false}
{"model":"llama3.1:latest","created_at":"2026-04-01T18:20:54.225763665Z","message":{"role":"assistant","content":"                 "},"done":false}
{"model":"llama3.1:latest","created_at":"2026-04-01T18:20:54.313238279Z","message":{"role":"assistant","content":" \""},"done":false}
{"model":"llama3.1:latest","created_at":"2026-04-01T18:20:54.401372696Z","message":{"role":"assistant","content":"description"},"done":false}
{"model":"llama3.1:latest","created_at":"2026-04-01T18:20:54.48921366Z","message":{"role":"assistant","content":"\":"},"done":false}
{"model":"llama3.1:latest","created_at":"2026-04-01T18:20:54.579842347Z","message":{"role":"assistant","content":" \"\"\n"},"done":false}
{"model":"llama3.1:latest","created_at":"2026-04-01T18:20:54.669276798Z","message":{"role":"assistant","content":"               "},"done":false}
{"model":"llama3.1:latest","created_at":"2026-04-01T18:20:54.758173465Z","message":{"role":"assistant","content":" },\n"},"done":false}
{"model":"llama3.1:latest","created_at":"2026-04-01T18:20:54.850007681Z","message":{"role":"assistant","content":"               "},"done":false}
{"model":"llama3.1:latest","created_at":"2026-04-01T18:20:54.942074088Z","message":{"role":"assistant","content":" {\n"},"done":false}
{"model":"llama3.1:latest","created_at":"2026-04-01T18:20:55.031703773Z","message":{"role":"assistant","content":"                 "},"done":false}
{"model":"llama3.1:latest","created_at":"2026-04-01T18:20:55.121276423Z","message":{"role":"assistant","content":" \""},"done":false}
{"model":"llama3.1:latest","created_at":"2026-04-01T18:20:55.21045365Z","message":{"role":"assistant","content":"name"},"done":false}
{"model":"llama3.1:latest","created_at":"2026-04-01T18:20:55.298282661Z","message":{"role":"assistant","content":"\":"},"done":false}
{"model":"llama3.1:latest","created_at":"2026-04-01T18:20:55.388042466Z","message":{"role":"assistant","content":" \""},"done":false}
{"model":"llama3.1:latest","created_at":"2026-04-01T18:20:55.476724578Z","message":{"role":"assistant","content":"Document"},"done":false}
{"model":"llama3.1:latest","created_at":"2026-04-01T18:20:55.565046319Z","message":{"role":"assistant","content":"ar"},"done":false}
{"model":"llama3.1:latest","created_at":"2026-04-01T18:20:55.654084138Z","message":{"role":"assistant","content":" sobre"},"done":false}
{"model":"llama3.1:latest","created_at":"2026-04-01T18:20:55.741130882Z","message":{"role":"assistant","content":" tecn"},"done":false}
{"model":"llama3.1:latest","created_at":"2026-04-01T18:20:55.831067411Z","message":{"role":"assistant","content":"olog"},"done":false}
{"model":"llama3.1:latest","created_at":"2026-04-01T18:20:55.922644948Z","message":{"role":"assistant","content":"ías"},"done":false}
{"model":"llama3.1:latest","created_at":"2026-04-01T18:20:56.013001267Z","message":{"role":"assistant","content":" relacion"},"done":false}
{"model":"llama3.1:latest","created_at":"2026-04-01T18:20:56.102881961Z","message":{"role":"assistant","content":"adas"},"done":false}
{"model":"llama3.1:latest","created_at":"2026-04-01T18:20:56.192095596Z","message":{"role":"assistant","content":" con"},"done":false}
{"model":"llama3.1:latest","created_at":"2026-04-01T18:20:56.281625888Z","message":{"role":"assistant","content":" micro"},"done":false}
{"model":"llama3.1:latest","created_at":"2026-04-01T18:20:56.371278986Z","message":{"role":"assistant","content":"serv"},"done":false}
{"model":"llama3.1:latest","created_at":"2026-04-01T18:20:56.459634536Z","message":{"role":"assistant","content":"icios"},"done":false}
{"model":"llama3.1:latest","created_at":"2026-04-01T18:20:56.549340324Z","message":{"role":"assistant","content":"\",\n"},"done":false}
{"model":"llama3.1:latest","created_at":"2026-04-01T18:20:56.635782557Z","message":{"role":"assistant","content":"                 "},"done":false}
{"model":"llama3.1:latest","created_at":"2026-04-01T18:20:56.725252214Z","message":{"role":"assistant","content":" \""},"done":false}
{"model":"llama3.1:latest","created_at":"2026-04-01T18:20:56.813498121Z","message":{"role":"assistant","content":"description"},"done":false}
{"model":"llama3.1:latest","created_at":"2026-04-01T18:20:56.902292076Z","message":{"role":"assistant","content":"\":"},"done":false}
{"model":"llama3.1:latest","created_at":"2026-04-01T18:20:56.991438152Z","message":{"role":"assistant","content":" \"\"\n"},"done":false}
{"model":"llama3.1:latest","created_at":"2026-04-01T18:20:57.081451314Z","message":{"role":"assistant","content":"               "},"done":false}
{"model":"llama3.1:latest","created_at":"2026-04-01T18:20:57.169140808Z","message":{"role":"assistant","content":" },\n"},"done":false}
{"model":"llama3.1:latest","created_at":"2026-04-01T18:20:57.257107394Z","message":{"role":"assistant","content":"               "},"done":false}
{"model":"llama3.1:latest","created_at":"2026-04-01T18:20:57.345454378Z","message":{"role":"assistant","content":" {\n"},"done":false}
{"model":"llama3.1:latest","created_at":"2026-04-01T18:20:57.435212389Z","message":{"role":"assistant","content":"                 "},"done":false}
{"model":"llama3.1:latest","created_at":"2026-04-01T18:20:57.523311373Z","message":{"role":"assistant","content":" \""},"done":false}
{"model":"llama3.1:latest","created_at":"2026-04-01T18:20:57.612831029Z","message":{"role":"assistant","content":"name"},"done":false}
{"model":"llama3.1:latest","created_at":"2026-04-01T18:20:57.702203277Z","message":{"role":"assistant","content":"\":"},"done":false}
{"model":"llama3.1:latest","created_at":"2026-04-01T18:20:57.792394996Z","message":{"role":"assistant","content":" \""},"done":false}
{"model":"llama3.1:latest","created_at":"2026-04-01T18:20:57.882842286Z","message":{"role":"assistant","content":"D"},"done":false}
{"model":"llama3.1:latest","created_at":"2026-04-01T18:20:57.970753389Z","message":{"role":"assistant","content":"ise"},"done":false}
{"model":"llama3.1:latest","created_at":"2026-04-01T18:20:58.060760604Z","message":{"role":"assistant","content":"ñ"},"done":false}
{"model":"llama3.1:latest","created_at":"2026-04-01T18:20:58.149665044Z","message":{"role":"assistant","content":"ar"},"done":false}
{"model":"llama3.1:latest","created_at":"2026-04-01T18:20:58.237738586Z","message":{"role":"assistant","content":" una"},"done":false}
{"model":"llama3.1:latest","created_at":"2026-04-01T18:20:58.326671968Z","message":{"role":"assistant","content":" fut"},"done":false}
{"model":"llama3.1:latest","created_at":"2026-04-01T18:20:58.416256496Z","message":{"role":"assistant","content":"ura"},"done":false}
{"model":"llama3.1:latest","created_at":"2026-04-01T18:20:58.505319162Z","message":{"role":"assistant","content":" versión"},"done":false}
{"model":"llama3.1:latest","created_at":"2026-04-01T18:20:58.594924577Z","message":{"role":"assistant","content":" del"},"done":false}
{"model":"llama3.1:latest","created_at":"2026-04-01T18:20:58.684576795Z","message":{"role":"assistant","content":" código"},"done":false}
{"model":"llama3.1:latest","created_at":"2026-04-01T18:20:58.774288302Z","message":{"role":"assistant","content":" base"},"done":false}
{"model":"llama3.1:latest","created_at":"2026-04-01T18:20:58.864244593Z","message":{"role":"assistant","content":" antig"},"done":false}
{"model":"llama3.1:latest","created_at":"2026-04-01T18:20:58.954071955Z","message":{"role":"assistant","content":"uo"},"done":false}
{"model":"llama3.1:latest","created_at":"2026-04-01T18:20:59.042000356Z","message":{"role":"assistant","content":"\",\n"},"done":false}
{"model":"llama3.1:latest","created_at":"2026-04-01T18:20:59.133971305Z","message":{"role":"assistant","content":"                 "},"done":false}
{"model":"llama3.1:latest","created_at":"2026-04-01T18:20:59.222041735Z","message":{"role":"assistant","content":" \""},"done":false}
{"model":"llama3.1:latest","created_at":"2026-04-01T18:20:59.311792511Z","message":{"role":"assistant","content":"description"},"done":false}
{"model":"llama3.1:latest","created_at":"2026-04-01T18:20:59.399725284Z","message":{"role":"assistant","content":"\":"},"done":false}
{"model":"llama3.1:latest","created_at":"2026-04-01T18:20:59.486717269Z","message":{"role":"assistant","content":" \"\"\n"},"done":false}
{"model":"llama3.1:latest","created_at":"2026-04-01T18:20:59.57613576Z","message":{"role":"assistant","content":"               "},"done":false}
{"model":"llama3.1:latest","created_at":"2026-04-01T18:20:59.664276862Z","message":{"role":"assistant","content":" }\n"},"done":false}
{"model":"llama3.1:latest","created_at":"2026-04-01T18:20:59.753819944Z","message":{"role":"assistant","content":"             "},"done":false}
{"model":"llama3.1:latest","created_at":"2026-04-01T18:20:59.843938049Z","message":{"role":"assistant","content":" ]\n"},"done":false}
{"model":"llama3.1:latest","created_at":"2026-04-01T18:20:59.933697473Z","message":{"role":"assistant","content":"         "},"done":false}
{"model":"llama3.1:latest","created_at":"2026-04-01T18:21:00.023645598Z","message":{"role":"assistant","content":" },\n"},"done":false}
{"model":"llama3.1:latest","created_at":"2026-04-01T18:21:00.113124008Z","message":{"role":"assistant","content":"         "},"done":false}
{"model":"llama3.1:latest","created_at":"2026-04-01T18:21:00.205432348Z","message":{"role":"assistant","content":" {\n"},"done":false}
{"model":"llama3.1:latest","created_at":"2026-04-01T18:21:00.295654259Z","message":{"role":"assistant","content":"           "},"done":false}
{"model":"llama3.1:latest","created_at":"2026-04-01T18:21:00.385858345Z","message":{"role":"assistant","content":" \""},"done":false}
{"model":"llama3.1:latest","created_at":"2026-04-01T18:21:00.475618394Z","message":{"role":"assistant","content":"title"},"done":false}
{"model":"llama3.1:latest","created_at":"2026-04-01T18:21:00.565151335Z","message":{"role":"assistant","content":"\":"},"done":false}
{"model":"llama3.1:latest","created_at":"2026-04-01T18:21:00.654128003Z","message":{"role":"assistant","content":" \""},"done":false}
{"model":"llama3.1:latest","created_at":"2026-04-01T18:21:00.744124167Z","message":{"role":"assistant","content":"J"},"done":false}
{"model":"llama3.1:latest","created_at":"2026-04-01T18:21:00.833343066Z","message":{"role":"assistant","content":"efe"},"done":false}
{"model":"llama3.1:latest","created_at":"2026-04-01T18:21:00.922075914Z","message":{"role":"assistant","content":" de"},"done":false}
{"model":"llama3.1:latest","created_at":"2026-04-01T18:21:01.010771611Z","message":{"role":"assistant","content":" Equ"},"done":false}
{"model":"llama3.1:latest","created_at":"2026-04-01T18:21:01.100404598Z","message":{"role":"assistant","content":"ipo"},"done":false}
{"model":"llama3.1:latest","created_at":"2026-04-01T18:21:01.191315315Z","message":{"role":"assistant","content":"\",\n"},"done":false}
{"model":"llama3.1:latest","created_at":"2026-04-01T18:21:01.283605099Z","message":{"role":"assistant","content":"           "},"done":false}
{"model":"llama3.1:latest","created_at":"2026-04-01T18:21:01.373421433Z","message":{"role":"assistant","content":" \""},"done":false}
{"model":"llama3.1:latest","created_at":"2026-04-01T18:21:01.462794781Z","message":{"role":"assistant","content":"company"},"done":false}
{"model":"llama3.1:latest","created_at":"2026-04-01T18:21:01.552598145Z","message":{"role":"assistant","content":"\":"},"done":false}
{"model":"llama3.1:latest","created_at":"2026-04-01T18:21:01.642901561Z","message":{"role":"assistant","content":" \""},"done":false}
{"model":"llama3.1:latest","created_at":"2026-04-01T18:21:01.733419466Z","message":{"role":"assistant","content":"Mult"},"done":false}
{"model":"llama3.1:latest","created_at":"2026-04-01T18:21:01.822338165Z","message":{"role":"assistant","content":"is"},"done":false}
{"model":"llama3.1:latest","created_at":"2026-04-01T18:21:01.912153848Z","message":{"role":"assistant","content":"af"},"done":false}
{"model":"llama3.1:latest","created_at":"2026-04-01T18:21:01.998954907Z","message":{"role":"assistant","content":"ep"},"done":false}
{"model":"llama3.1:latest","created_at":"2026-04-01T18:21:02.088038204Z","message":{"role":"assistant","content":"ay"},"done":false}
{"model":"llama3.1:latest","created_at":"2026-04-01T18:21:02.176976668Z","message":{"role":"assistant","content":"\",\n"},"done":false}
{"model":"llama3.1:latest","created_at":"2026-04-01T18:21:02.268308071Z","message":{"role":"assistant","content":"           "},"done":false}
{"model":"llama3.1:latest","created_at":"2026-04-01T18:21:02.360046278Z","message":{"role":"assistant","content":" \""},"done":false}
{"model":"llama3.1:latest","created_at":"2026-04-01T18:21:02.450195265Z","message":{"role":"assistant","content":"location"},"done":false}
{"model":"llama3.1:latest","created_at":"2026-04-01T18:21:02.540162793Z","message":{"role":"assistant","content":"\":"},"done":false}
{"model":"llama3.1:latest","created_at":"2026-04-01T18:21:02.630935022Z","message":{"role":"assistant","content":" \""},"done":false}
{"model":"llama3.1:latest","created_at":"2026-04-01T18:21:02.720201635Z","message":{"role":"assistant","content":"Esp"},"done":false}
{"model":"llama3.1:latest","created_at":"2026-04-01T18:21:02.80849433Z","message":{"role":"assistant","content":"aña"},"done":false}
{"model":"llama3.1:latest","created_at":"2026-04-01T18:21:02.898403665Z","message":{"role":"assistant","content":"\",\n"},"done":false}
{"model":"llama3.1:latest","created_at":"2026-04-01T18:21:02.98791703Z","message":{"role":"assistant","content":"           "},"done":false}
{"model":"llama3.1:latest","created_at":"2026-04-01T18:21:03.07754746Z","message":{"role":"assistant","content":" \""},"done":false}
{"model":"llama3.1:latest","created_at":"2026-04-01T18:21:03.165707383Z","message":{"role":"assistant","content":"dates"},"done":false}
{"model":"llama3.1:latest","created_at":"2026-04-01T18:21:03.254089856Z","message":{"role":"assistant","content":"\":"},"done":false}
{"model":"llama3.1:latest","created_at":"2026-04-01T18:21:03.344230302Z","message":{"role":"assistant","content":" \""},"done":false}
{"model":"llama3.1:latest","created_at":"2026-04-01T18:21:03.433784229Z","message":{"role":"assistant","content":"Ag"},"done":false}
{"model":"llama3.1:latest","created_at":"2026-04-01T18:21:03.52229539Z","message":{"role":"assistant","content":"osto"},"done":false}
{"model":"llama3.1:latest","created_at":"2026-04-01T18:21:03.611255165Z","message":{"role":"assistant","content":" "},"done":false}
{"model":"llama3.1:latest","created_at":"2026-04-01T18:21:03.701333817Z","message":{"role":"assistant","content":"202"},"done":false}
{"model":"llama3.1:latest","created_at":"2026-04-01T18:21:03.791409903Z","message":{"role":"assistant","content":"1"},"done":false}
{"model":"llama3.1:latest","created_at":"2026-04-01T18:21:03.881557503Z","message":{"role":"assistant","content":" -"},"done":false}
{"model":"llama3.1:latest","created_at":"2026-04-01T18:21:03.969979997Z","message":{"role":"assistant","content":" Sept"},"done":false}
{"model":"llama3.1:latest","created_at":"2026-04-01T18:21:04.060193512Z","message":{"role":"assistant","content":"iembre"},"done":false}
{"model":"llama3.1:latest","created_at":"2026-04-01T18:21:04.150720108Z","message":{"role":"assistant","content":" "},"done":false}
{"model":"llama3.1:latest","created_at":"2026-04-01T18:21:04.238886349Z","message":{"role":"assistant","content":"202"},"done":false}
{"model":"llama3.1:latest","created_at":"2026-04-01T18:21:04.32712075Z","message":{"role":"assistant","content":"3"},"done":false}
{"model":"llama3.1:latest","created_at":"2026-04-01T18:21:04.418221715Z","message":{"role":"assistant","content":"\",\n"},"done":false}
{"model":"llama3.1:latest","created_at":"2026-04-01T18:21:04.507508548Z","message":{"role":"assistant","content":"           "},"done":false}
{"model":"llama3.1:latest","created_at":"2026-04-01T18:21:04.59488063Z","message":{"role":"assistant","content":" \""},"done":false}
{"model":"llama3.1:latest","created_at":"2026-04-01T18:21:04.684285782Z","message":{"role":"assistant","content":"description"},"done":false}
{"model":"llama3.1:latest","created_at":"2026-04-01T18:21:04.772772812Z","message":{"role":"assistant","content":"\":\n"},"done":false}
{"model":"llama3.1:latest","created_at":"2026-04-01T18:21:04.861833782Z","message":{"role":"assistant","content":"             "},"done":false}
{"model":"llama3.1:latest","created_at":"2026-04-01T18:21:04.952186157Z","message":{"role":"assistant","content":" \""},"done":false}
{"model":"llama3.1:latest","created_at":"2026-04-01T18:21:05.040449444Z","message":{"role":"assistant","content":"Empresa"},"done":false}
{"model":"llama3.1:latest","created_at":"2026-04-01T18:21:05.13037839Z","message":{"role":"assistant","content":" de"},"done":false}
{"model":"llama3.1:latest","created_at":"2026-04-01T18:21:05.219758093Z","message":{"role":"assistant","content":" tecn"},"done":false}
{"model":"llama3.1:latest","created_at":"2026-04-01T18:21:05.309287895Z","message":{"role":"assistant","content":"ología"},"done":false}
{"model":"llama3.1:latest","created_at":"2026-04-01T18:21:05.397785006Z","message":{"role":"assistant","content":" financ"},"done":false}
{"model":"llama3.1:latest","created_at":"2026-04-01T18:21:05.49002314Z","message":{"role":"assistant","content":"iera"},"done":false}
{"model":"llama3.1:latest","created_at":"2026-04-01T18:21:05.580416692Z","message":{"role":"assistant","content":" que"},"done":false}
{"model":"llama3.1:latest","created_at":"2026-04-01T18:21:05.670935562Z","message":{"role":"assistant","content":" se"},"done":false}
{"model":"llama3.1:latest","created_at":"2026-04-01T18:21:05.761526392Z","message":{"role":"assistant","content":" especial"},"done":false}
{"model":"llama3.1:latest","created_at":"2026-04-01T18:21:05.852217885Z","message":{"role":"assistant","content":"iza"},"done":false}
{"model":"llama3.1:latest","created_at":"2026-04-01T18:21:05.942773127Z","message":{"role":"assistant","content":" en"},"done":false}
{"model":"llama3.1:latest","created_at":"2026-04-01T18:21:06.032056519Z","message":{"role":"assistant","content":" sol"},"done":false}
{"model":"llama3.1:latest","created_at":"2026-04-01T18:21:06.122662557Z","message":{"role":"assistant","content":"uciones"},"done":false}
{"model":"llama3.1:latest","created_at":"2026-04-01T18:21:06.212256454Z","message":{"role":"assistant","content":" de"},"done":false}
{"model":"llama3.1:latest","created_at":"2026-04-01T18:21:06.302358155Z","message":{"role":"assistant","content":" pago"},"done":false}
{"model":"llama3.1:latest","created_at":"2026-04-01T18:21:06.392237602Z","message":{"role":"assistant","content":" en"},"done":false}
{"model":"llama3.1:latest","created_at":"2026-04-01T18:21:06.483094438Z","message":{"role":"assistant","content":" línea"},"done":false}
{"model":"llama3.1:latest","created_at":"2026-04-01T18:21:06.576297509Z","message":{"role":"assistant","content":".\",\n"},"done":false}
{"model":"llama3.1:latest","created_at":"2026-04-01T18:21:06.667621532Z","message":{"role":"assistant","content":"           "},"done":false}
{"model":"llama3.1:latest","created_at":"2026-04-01T18:21:06.757958067Z","message":{"role":"assistant","content":" \""},"done":false}
{"model":"llama3.1:latest","created_at":"2026-04-01T18:21:06.848097092Z","message":{"role":"assistant","content":"techn"},"done":false}
{"model":"llama3.1:latest","created_at":"2026-04-01T18:21:06.936853864Z","message":{"role":"assistant","content":"ologies"},"done":false}
{"model":"llama3.1:latest","created_at":"2026-04-01T18:21:07.023725433Z","message":{"role":"assistant","content":"\":"},"done":false}
{"model":"llama3.1:latest","created_at":"2026-04-01T18:21:07.114351935Z","message":{"role":"assistant","content":" [],\n"},"done":false}
{"model":"llama3.1:latest","created_at":"2026-04-01T18:21:07.204408226Z","message":{"role":"assistant","content":"           "},"done":false}
{"model":"llama3.1:latest","created_at":"2026-04-01T18:21:07.293824225Z","message":{"role":"assistant","content":" \""},"done":false}
{"model":"llama3.1:latest","created_at":"2026-04-01T18:21:07.382807754Z","message":{"role":"assistant","content":"tasks"},"done":false}
{"model":"llama3.1:latest","created_at":"2026-04-01T18:21:07.473267482Z","message":{"role":"assistant","content":"\":\n"},"done":false}
{"model":"llama3.1:latest","created_at":"2026-04-01T18:21:07.566026403Z","message":{"role":"assistant","content":"             "},"done":false}
{"model":"llama3.1:latest","created_at":"2026-04-01T18:21:07.657757062Z","message":{"role":"assistant","content":" [\n"},"done":false}
{"model":"llama3.1:latest","created_at":"2026-04-01T18:21:07.748155921Z","message":{"role":"assistant","content":"               "},"done":false}
{"model":"llama3.1:latest","created_at":"2026-04-01T18:21:07.838144171Z","message":{"role":"assistant","content":" {\n"},"done":false}
{"model":"llama3.1:latest","created_at":"2026-04-01T18:21:07.929006697Z","message":{"role":"assistant","content":"                 "},"done":false}
{"model":"llama3.1:latest","created_at":"2026-04-01T18:21:08.0194333Z","message":{"role":"assistant","content":" \""},"done":false}
{"model":"llama3.1:latest","created_at":"2026-04-01T18:21:08.109950299Z","message":{"role":"assistant","content":"name"},"done":false}
{"model":"llama3.1:latest","created_at":"2026-04-01T18:21:08.199428121Z","message":{"role":"assistant","content":"\":"},"done":false}
{"model":"llama3.1:latest","created_at":"2026-04-01T18:21:08.290552693Z","message":{"role":"assistant","content":" \""},"done":false}
{"model":"llama3.1:latest","created_at":"2026-04-01T18:21:08.379951351Z","message":{"role":"assistant","content":"Respons"},"done":false}
{"model":"llama3.1:latest","created_at":"2026-04-01T18:21:08.470175174Z","message":{"role":"assistant","content":"able"},"done":false}
{"model":"llama3.1:latest","created_at":"2026-04-01T18:21:08.560536051Z","message":{"role":"assistant","content":" del"},"done":false}
{"model":"llama3.1:latest","created_at":"2026-04-01T18:21:08.653711732Z","message":{"role":"assistant","content":" desarrollo"},"done":false}
{"model":"llama3.1:latest","created_at":"2026-04-01T18:21:08.744411739Z","message":{"role":"assistant","content":" backend"},"done":false}
{"model":"llama3.1:latest","created_at":"2026-04-01T18:21:08.835252151Z","message":{"role":"assistant","content":" de"},"done":false}
{"model":"llama3.1:latest","created_at":"2026-04-01T18:21:08.925709754Z","message":{"role":"assistant","content":" un"},"done":false}
{"model":"llama3.1:latest","created_at":"2026-04-01T18:21:09.016093438Z","message":{"role":"assistant","content":" nuevo"},"done":false}
{"model":"llama3.1:latest","created_at":"2026-04-01T18:21:09.106292608Z","message":{"role":"assistant","content":" producto"},"done":false}
{"model":"llama3.1:latest","created_at":"2026-04-01T18:21:09.197314332Z","message":{"role":"assistant","content":"\",\n"},"done":false}
{"model":"llama3.1:latest","created_at":"2026-04-01T18:21:09.286208877Z","message":{"role":"assistant","content":"                 "},"done":false}
{"model":"llama3.1:latest","created_at":"2026-04-01T18:21:09.375099305Z","message":{"role":"assistant","content":" \""},"done":false}
{"model":"llama3.1:latest","created_at":"2026-04-01T18:21:09.465456277Z","message":{"role":"assistant","content":"description"},"done":false}
{"model":"llama3.1:latest","created_at":"2026-04-01T18:21:09.554987408Z","message":{"role":"assistant","content":"\":"},"done":false}
{"model":"llama3.1:latest","created_at":"2026-04-01T18:21:09.646675346Z","message":{"role":"assistant","content":" \"\"\n"},"done":false}
{"model":"llama3.1:latest","created_at":"2026-04-01T18:21:09.739131106Z","message":{"role":"assistant","content":"               "},"done":false}
{"model":"llama3.1:latest","created_at":"2026-04-01T18:21:09.830108215Z","message":{"role":"assistant","content":" }\n"},"done":false}
{"model":"llama3.1:latest","created_at":"2026-04-01T18:21:09.921495644Z","message":{"role":"assistant","content":"             "},"done":false}
{"model":"llama3.1:latest","created_at":"2026-04-01T18:21:10.012200558Z","message":{"role":"assistant","content":" ]\n"},"done":false}
{"model":"llama3.1:latest","created_at":"2026-04-01T18:21:10.103004387Z","message":{"role":"assistant","content":"         "},"done":false}
{"model":"llama3.1:latest","created_at":"2026-04-01T18:21:10.194031469Z","message":{"role":"assistant","content":" }\n"},"done":false}
{"model":"llama3.1:latest","created_at":"2026-04-01T18:21:10.285170009Z","message":{"role":"assistant","content":"       "},"done":false}
{"model":"llama3.1:latest","created_at":"2026-04-01T18:21:10.375179541Z","message":{"role":"assistant","content":" ],\n"},"done":false}
{"model":"llama3.1:latest","created_at":"2026-04-01T18:21:10.4663603Z","message":{"role":"assistant","content":"     "},"done":false}
{"model":"llama3.1:latest","created_at":"2026-04-01T18:21:10.555611463Z","message":{"role":"assistant","content":" \""},"done":false}
{"model":"llama3.1:latest","created_at":"2026-04-01T18:21:10.646641439Z","message":{"role":"assistant","content":"achie"},"done":false}
{"model":"llama3.1:latest","created_at":"2026-04-01T18:21:10.737846703Z","message":{"role":"assistant","content":"vements"},"done":false}
{"model":"llama3.1:latest","created_at":"2026-04-01T18:21:10.830801097Z","message":{"role":"assistant","content":"\":"},"done":false}
{"model":"llama3.1:latest","created_at":"2026-04-01T18:21:10.91965798Z","message":{"role":"assistant","content":" []\n"},"done":false}
{"model":"llama3.1:latest","created_at":"2026-04-01T18:21:11.010754567Z","message":{"role":"assistant","content":"   "},"done":false}
{"model":"llama3.1:latest","created_at":"2026-04-01T18:21:11.101660449Z","message":{"role":"assistant","content":" },\n"},"done":false}
{"model":"llama3.1:latest","created_at":"2026-04-01T18:21:11.19263212Z","message":{"role":"assistant","content":" "},"done":false}
{"model":"llama3.1:latest","created_at":"2026-04-01T18:21:11.283060782Z","message":{"role":"assistant","content":" \""},"done":false}
{"model":"llama3.1:latest","created_at":"2026-04-01T18:21:11.373813281Z","message":{"role":"assistant","content":"aw"},"done":false}
{"model":"llama3.1:latest","created_at":"2026-04-01T18:21:11.464682055Z","message":{"role":"assistant","content":"ards"},"done":false}
{"model":"llama3.1:latest","created_at":"2026-04-01T18:21:11.553651541Z","message":{"role":"assistant","content":"\":"},"done":false}
{"model":"llama3.1:latest","created_at":"2026-04-01T18:21:11.644200411Z","message":{"role":"assistant","content":" [],\n"},"done":false}
{"model":"llama3.1:latest","created_at":"2026-04-01T18:21:11.733829245Z","message":{"role":"assistant","content":" "},"done":false}
{"model":"llama3.1:latest","created_at":"2026-04-01T18:21:11.826064117Z","message":{"role":"assistant","content":" \""},"done":false}
{"model":"llama3.1:latest","created_at":"2026-04-01T18:21:11.916778511Z","message":{"role":"assistant","content":"languages"},"done":false}
{"model":"llama3.1:latest","created_at":"2026-04-01T18:21:12.006142362Z","message":{"role":"assistant","content":"\":"},"done":false}
{"model":"llama3.1:latest","created_at":"2026-04-01T18:21:12.096809478Z","message":{"role":"assistant","content":" [\""},"done":false}
{"model":"llama3.1:latest","created_at":"2026-04-01T18:21:12.187573797Z","message":{"role":"assistant","content":"Esp"},"done":false}
{"model":"llama3.1:latest","created_at":"2026-04-01T18:21:12.278639032Z","message":{"role":"assistant","content":"añ"},"done":false}
{"model":"llama3.1:latest","created_at":"2026-04-01T18:21:12.368603042Z","message":{"role":"assistant","content":"ol"},"done":false}
{"model":"llama3.1:latest","created_at":"2026-04-01T18:21:12.459533561Z","message":{"role":"assistant","content":"\"]\n"},"done":false}
{"model":"llama3.1:latest","created_at":"2026-04-01T18:21:12.548929714Z","message":{"role":"assistant","content":"}\n"},"done":false}
{"model":"llama3.1:latest","created_at":"2026-04-01T18:21:12.6400542Z","message":{"role":"assistant","content":"``"},"done":false}
{"model":"llama3.1:latest","created_at":"2026-04-01T18:21:12.728941546Z","message":{"role":"assistant","content":"`\n\n"},"done":false}
{"model":"llama3.1:latest","created_at":"2026-04-01T18:21:12.82018291Z","message":{"role":"assistant","content":"Ten"},"done":false}
{"model":"llama3.1:latest","created_at":"2026-04-01T18:21:12.913757977Z","message":{"role":"assistant","content":" en"},"done":false}
{"model":"llama3.1:latest","created_at":"2026-04-01T18:21:13.003312109Z","message":{"role":"assistant","content":" cuenta"},"done":false}
{"model":"llama3.1:latest","created_at":"2026-04-01T18:21:13.09344642Z","message":{"role":"assistant","content":" que"},"done":false}
{"model":"llama3.1:latest","created_at":"2026-04-01T18:21:13.187374559Z","message":{"role":"assistant","content":","},"done":false}
{"model":"llama3.1:latest","created_at":"2026-04-01T18:21:13.274105442Z","message":{"role":"assistant","content":" para"},"done":false}
{"model":"llama3.1:latest","created_at":"2026-04-01T18:21:13.363289918Z","message":{"role":"assistant","content":" simpl"},"done":false}
{"model":"llama3.1:latest","created_at":"2026-04-01T18:21:13.454843391Z","message":{"role":"assistant","content":"ificar"},"done":false}
{"model":"llama3.1:latest","created_at":"2026-04-01T18:21:13.545287693Z","message":{"role":"assistant","content":" la"},"done":false}
{"model":"llama3.1:latest","created_at":"2026-04-01T18:21:13.63619717Z","message":{"role":"assistant","content":" trad"},"done":false}
{"model":"llama3.1:latest","created_at":"2026-04-01T18:21:13.725619674Z","message":{"role":"assistant","content":"ucción"},"done":false}
{"model":"llama3.1:latest","created_at":"2026-04-01T18:21:13.815478412Z","message":{"role":"assistant","content":" a"},"done":false}
{"model":"llama3.1:latest","created_at":"2026-04-01T18:21:13.907002444Z","message":{"role":"assistant","content":" formato"},"done":false}
{"model":"llama3.1:latest","created_at":"2026-04-01T18:21:14.000820576Z","message":{"role":"assistant","content":" JSON"},"done":false}
{"model":"llama3.1:latest","created_at":"2026-04-01T18:21:14.09045058Z","message":{"role":"assistant","content":","},"done":false}
{"model":"llama3.1:latest","created_at":"2026-04-01T18:21:14.182305532Z","message":{"role":"assistant","content":" he"},"done":false}
{"model":"llama3.1:latest","created_at":"2026-04-01T18:21:14.273270206Z","message":{"role":"assistant","content":" elimin"},"done":false}
{"model":"llama3.1:latest","created_at":"2026-04-01T18:21:14.362726153Z","message":{"role":"assistant","content":"ado"},"done":false}
{"model":"llama3.1:latest","created_at":"2026-04-01T18:21:14.45414579Z","message":{"role":"assistant","content":" algunos"},"done":false}
{"model":"llama3.1:latest","created_at":"2026-04-01T18:21:14.54519141Z","message":{"role":"assistant","content":" detalles"},"done":false}
{"model":"llama3.1:latest","created_at":"2026-04-01T18:21:14.636086879Z","message":{"role":"assistant","content":" como"},"done":false}
{"model":"llama3.1:latest","created_at":"2026-04-01T18:21:14.725723563Z","message":{"role":"assistant","content":" el"},"done":false}
{"model":"llama3.1:latest","created_at":"2026-04-01T18:21:14.817227829Z","message":{"role":"assistant","content":" en"},"done":false}
{"model":"llama3.1:latest","created_at":"2026-04-01T18:21:14.904740694Z","message":{"role":"assistant","content":"lace"},"done":false}
{"model":"llama3.1:latest","created_at":"2026-04-01T18:21:14.995174279Z","message":{"role":"assistant","content":" a"},"done":false}
{"model":"llama3.1:latest","created_at":"2026-04-01T18:21:15.088577229Z","message":{"role":"assistant","content":" GitHub"},"done":false}
{"model":"llama3.1:latest","created_at":"2026-04-01T18:21:15.180144927Z","message":{"role":"assistant","content":" de"},"done":false}
{"model":"llama3.1:latest","created_at":"2026-04-01T18:21:15.271589693Z","message":{"role":"assistant","content":" C"},"done":false}
{"model":"llama3.1:latest","created_at":"2026-04-01T18:21:15.362683329Z","message":{"role":"assistant","content":"red"},"done":false}
{"model":"llama3.1:latest","created_at":"2026-04-01T18:21:15.453593131Z","message":{"role":"assistant","content":"ly"},"done":false}
{"model":"llama3.1:latest","created_at":"2026-04-01T18:21:15.545093966Z","message":{"role":"assistant","content":"."},"done":false}
{"model":"llama3.1:latest","created_at":"2026-04-01T18:21:15.636946517Z","message":{"role":"assistant","content":" Si"},"done":false}
{"model":"llama3.1:latest","created_at":"2026-04-01T18:21:15.728155653Z","message":{"role":"assistant","content":" lo"},"done":false}
{"model":"llama3.1:latest","created_at":"2026-04-01T18:21:15.819809478Z","message":{"role":"assistant","content":" neces"},"done":false}
{"model":"llama3.1:latest","created_at":"2026-04-01T18:21:15.909285364Z","message":{"role":"assistant","content":"itas"},"done":false}
{"model":"llama3.1:latest","created_at":"2026-04-01T18:21:16.000195012Z","message":{"role":"assistant","content":" con"},"done":false}
{"model":"llama3.1:latest","created_at":"2026-04-01T18:21:16.09213159Z","message":{"role":"assistant","content":" todos"},"done":false}
{"model":"llama3.1:latest","created_at":"2026-04-01T18:21:16.182573283Z","message":{"role":"assistant","content":" los"},"done":false}
{"model":"llama3.1:latest","created_at":"2026-04-01T18:21:16.272513341Z","message":{"role":"assistant","content":" detalles"},"done":false}
{"model":"llama3.1:latest","created_at":"2026-04-01T18:21:16.363895117Z","message":{"role":"assistant","content":" incl"},"done":false}
{"model":"llama3.1:latest","created_at":"2026-04-01T18:21:16.454775759Z","message":{"role":"assistant","content":"uid"},"done":false}
{"model":"llama3.1:latest","created_at":"2026-04-01T18:21:16.545840665Z","message":{"role":"assistant","content":"os"},"done":false}
{"model":"llama3.1:latest","created_at":"2026-04-01T18:21:16.63701132Z","message":{"role":"assistant","content":","},"done":false}
{"model":"llama3.1:latest","created_at":"2026-04-01T18:21:16.728509551Z","message":{"role":"assistant","content":" no"},"done":false}
{"model":"llama3.1:latest","created_at":"2026-04-01T18:21:16.819488189Z","message":{"role":"assistant","content":" dudes"},"done":false}
{"model":"llama3.1:latest","created_at":"2026-04-01T18:21:16.907408114Z","message":{"role":"assistant","content":" en"},"done":false}
{"model":"llama3.1:latest","created_at":"2026-04-01T18:21:16.998489111Z","message":{"role":"assistant","content":" preg"},"done":false}
{"model":"llama3.1:latest","created_at":"2026-04-01T18:21:17.091581864Z","message":{"role":"assistant","content":"unt"},"done":false}
{"model":"llama3.1:latest","created_at":"2026-04-01T18:21:17.18449798Z","message":{"role":"assistant","content":"ar"},"done":false}
{"model":"llama3.1:latest","created_at":"2026-04-01T18:21:17.27591326Z","message":{"role":"assistant","content":"."},"done":false}
{"model":"llama3.1:latest","created_at":"2026-04-01T18:21:17.366923344Z","message":{"role":"assistant","content":""},"done":true,"done_reason":"stop","total_duration":75798039891,"load_duration":117533118,"prompt_eval_count":537,"prompt_eval_duration":109330090,"eval_count":856,"eval_duration":74410703089}
